article_id,dataset_id,type
10.1002_2017jc013030,https://doi.org/10.17882/49388,Secondary
10.1002_2017jc013030,https://doi.org/10.17882/47142,Secondary
10.1002_ece3.4466,https://doi.org/10.5061/dryad.r6nq870,Primary
10.1002_ece3.5058,https://doi.org/10.5061/dryad.6fp82p0,Primary
10.1002_ece3.5260,MK838494,Secondary
10.1002_ece3.5260,MK838511,Secondary
10.1002_ece3.5260,https://doi.org/10.5061/dryad.2f62927,Primary
10.1002_ece3.5395,https://doi.org/10.5441/001/1.c42j3js7,Primary
10.1002_ece3.5395,https://doi.org/10.5441/001/1.4192t2j4,Primary
10.1002_ece3.5395,https://doi.org/10.5441/001/1.71r7pp6q,Primary
10.1002_ece3.5395,https://doi.org/10.5441/001/1.ck04mn78,Primary
10.1002_ece3.5395,https://doi.org/10.5441/001/1.v1cs4nn0,Primary
10.1002_ece3.6144,https://doi.org/10.5061/dryad.zw3r22854,Primary
10.1002_ece3.6144,MH714866,Secondary
10.1002_ece3.6144,MH718435,Secondary
10.1002_ece3.6303,https://doi.org/10.5061/dryad.37pvmcvgb,Primary
10.1002_ece3.6303,MN335287,Primary
10.1002_ece3.6303,MN107084,Primary
10.1002_ece3.6303,MN107151,Primary
10.1002_ece3.6303,MN335290,Primary
10.1002_ece3.9627,https://doi.org/10.5061/dryad.b8gtht7h3,Primary
10.1002_ecs2.1280,https://doi.org/10.5061/dryad.p3fg9,Primary
10.1002_ecs2.4619,https://doi.org/10.25349/d9qw5x,Primary
10.1002_ecs2.4619,https://doi.org/10.6073/pasta/d835832d7fd00d9e4466e44eea87fab3,Secondary
10.1002_esp.5058,https://doi.org/10.5066/p9fw6e8k,Primary
10.1002_esp.5058,https://doi.org/10.5061/dryad.jh9w0vt9t,Primary
10.1002_esp.5090,https://doi.org/10.5066/p9353101,Secondary
10.1002_mp.14424,https://doi.org/10.7937/tcia.2020.6c7y-gq39,Primary
10.1002_mp.14424,https://doi.org/10.7937/k9/tcia.2015.pf0m9rei,Secondary
10.1002_nafm.10870,https://doi.org/10.5066/p94bh3w0,Secondary
10.1002_nafm.10870,https://doi.org/10.5066/p9gtumay,Secondary
10.1002_nafm.10870,https://doi.org/10.5066/p90a4ugj,Secondary
10.1002_nafm.10870,https://doi.org/10.5066/f75m63x0,Secondary
10.1007_s00259-022-06053-8,https://doi.org/10.7937/k9/tcia.2017.7hs46erv,Secondary
10.1007_s00259-022-06053-8,https://doi.org/10.7937/tcia.2019.30ilqfcl,Secondary
10.1007_s00259-022-06053-8,https://doi.org/10.7937/k9/tcia.2020:a8s-7363,Secondary
10.1007_s00382-022-06361-7,https://doi.org/10.6075/J089161B,Secondary
10.1007_s00382-022-06361-7,https://doi.org/10.6075/j0154fjj,Secondary
10.1007_s00382-022-06361-7,https://doi.org/10.6075/j089161b,Primary
10.1007_s00442-022-05201-z,https://doi.org/10.5061/dryad.wpzgmsbps,Primary
10.1007_s12559-020-09751-3,https://doi.org/10.7937/k9/tcia.2015.u1x8a5nr,Secondary
10.1016_j.ast.2022.107401,https://doi.org/10.17862/cranfield.rd.19146182.v1,Primary
10.1016_j.dib.2022.108797,https://doi.org/10.1594/pangaea.949117,Primary
10.1016_j.dib.2023.109949,https://doi.org/10.5281/zenodo.8338991,Primary
10.1016_j.ecolind.2021.107934,https://doi.org/10.6073/pasta/be42bb841e696b7bcad9957aed33db5e,Secondary
10.1016_j.ecolind.2021.107934,https://doi.org/10.6096/ctoh_seaice_2019_12,Secondary
10.1016_j.fuel.2022.125768,https://doi.org/10.11583/dtu.20555586.v2,Primary
10.1016_j.fuel.2022.125768,https://doi.org/10.11583/dtu.20555586.v2,Primary
10.1016_j.jobe.2023.107105,https://doi.org/10.5281/zenodo.8014150,Primary
10.1016_j.jsames.2022.103824,https://doi.org/10.5066/f7k072r7,Secondary
10.1016_j.molcel.2018.11.006,https://doi.org/10.17632/xtb4mkvf8f.1,Primary
10.1016_j.molcel.2018.11.006,https://doi.org/10.17632/jb4jjxsbb7.1,Primary
10.1016_j.molcel.2018.11.006,https://doi.org/10.17632/fzvwgpjx88.1,Primary
10.1016_j.molcel.2018.11.006,MSV000081006,Secondary
10.1016_j.molcel.2018.11.006,MSV000081001,Secondary
10.1016_j.molcel.2018.11.006,MSV000080981,Secondary
10.1016_j.molcel.2018.11.006,MSV000080986,Secondary
10.1016_j.molcel.2018.11.006,MSV000080988,Secondary
10.1016_j.molcel.2018.11.006,MSV000082857,Secondary
10.1016_j.molcel.2018.11.006,PDB:5NNC,Secondary
10.1016_j.molcel.2018.11.006,PDB:5NND,Secondary
10.1016_j.molcel.2018.11.006,PDB:5NNE,Secondary
10.1016_j.molcel.2018.11.006,PDB:5NNF,Secondary
10.1016_j.molcel.2018.11.006,PDB:5NNG,Secondary
10.1016_j.molcel.2018.11.006,PDB:6G0O,Secondary
10.1016_j.molcel.2018.11.006,PDB:6G0P,Secondary
10.1016_j.molcel.2018.11.006,PDB:6G0Q,Secondary
10.1016_j.molcel.2018.11.006,PDB:6G0R,Secondary
10.1016_j.molcel.2018.11.006,PDB:6G0S,Secondary
10.1016_j.molcel.2018.11.006,E-MTAB-5670,Secondary
10.1016_j.molcel.2018.11.006,GEO:GSE44672,Secondary
10.1016_j.molcel.2018.11.006,GEO:GSE89420,Secondary
10.1016_j.molcel.2018.11.006,GEO:GSE69140,Secondary
10.1016_j.molcel.2018.11.006,GEO:GSE61188,Secondary
10.1016_j.molcel.2018.11.006,GEO:GSE52279,Secondary
10.1016_j.molcel.2018.11.006,GEO:GSE79360,Secondary
10.1016_j.molcel.2018.11.006,RRID:SCR_001837,Secondary
10.1016_j.molcel.2018.11.006,RRID:SCR007393,Secondary
10.1016_j.molcel.2018.11.006,RRID:SCR002380,Secondary
10.1016_j.molcel.2018.11.006,HPA042816,Secondary
10.1016_j.molcel.2018.11.006,HPA038237,Secondary
10.1016_j.scitotenv.2024.171850,https://doi.org/10.17863/cam.107163,Primary
10.1016_j.websem.2024.100815,https://doi.org/10.17863/cam.82548,Primary
10.1017_rdc.2022.19,https://doi.org/10.11588/data/10100,Secondary
10.1017_s0007123423000601,https://doi.org/10.7910/dvn/fwckse,Primary
10.1021_acscentsci.1c01109,https://doi.org/10.21942/uva.17040392,Primary
10.1021_acsomega.3c06074,5VA1,Secondary
10.1021_acsomega.3c06074,CHEMBL70,Secondary
10.1021_acsomega.3c06074,CHEMBL1257821,Secondary
10.1021_acsomega.3c06074,CHEMBL1257578,Secondary
10.1021_acsomega.3c06074,CHEMBL572163,Secondary
10.1021_acsomega.3c06074,CHEMBL1097,Secondary
10.1021_acsomega.3c06074,CHEMBL1782574,Secondary
10.1021_acsomega.3c06074,CHEMBL3422978,Secondary
10.1021_acsomega.3c06074,CHEMBL2424928,Secondary
10.1021_acsomega.3c06074,CHEMBL390649,Secondary
10.1021_acsomega.3c06074,CHEMBL195180,Secondary
10.1021_jacs.2c06519,https://doi.org/10.25377/sussex.21184705,Primary
10.1021_jacs.2c06519,CCDC2169273,Primary
10.1029_2018gl078007,https://doi.org/10.5061/dryad.886pr72,Primary
10.1029_2019jg005297,https://doi.org/10.5061/dryad.pp045j3,Primary
10.1029_2019jg005297,https://doi.org/10.5066/f78s4n1v,Secondary
10.1029_2019pa003774,https://doi.org/10.3334/cdiac/otg.ndp093_glodapv2,Secondary
10.1029_2020jf005675,https://doi.org/10.5066/p9bu8faq,Primary
10.1029_2021ea001703,https://doi.org/10.13020/jjdx-1m95,Primary
10.1029_2021gl096173,https://doi.org/10.25326/09,Secondary
10.1029_2021pa004379,https://doi.org/10.25921/dt5g-my32,Primary
10.1029_2023ea002840,https://doi.org/10.1594/pangaea.964081,Primary
10.1029_2023ea002840,https://doi.org/10.1594/pangaea.964085,Primary
10.1029_2023wr035126,https://doi.org/10.5281/zenodo.7859686,Secondary
10.1029_2023wr035126,https://doi.org/10.6073/pasta/bb935444378d112d9189556fd22a441d,Secondary
10.1038_hdy.2013.74,https://doi.org/10.5061/dryad.75030,Primary
10.1038_hdy.2014.75,https://doi.org/10.5061/dryad.1p80f,Primary
10.1038_hdy.2015.99,KJ767593,Primary
10.1038_hdy.2015.99,https://doi.org/10.5061/dryad.f47f6,Primary
10.1038_hdy.2015.99,KF981442,Secondary
10.1038_hdy.2015.99,KJ767630,Primary
10.1038_ncomms11871,CCDC1442910,Primary
10.1038_s41396-020-00885-8,PF00484.18,Secondary
10.1038_s41396-020-00885-8,PF01493.23,Secondary
10.1038_s41396-020-00885-8,PF00348,Secondary
10.1038_s41396-020-00885-8,PF05834,Secondary
10.1038_s41396-020-00885-8,PF15461.5,Secondary
10.1038_s41396-020-00885-8,IPR011040,Secondary
10.1038_s41396-020-00885-8,IPR004302,Secondary
10.1038_s41396-020-00885-8,IPR004963,Secondary
10.1038_s41396-020-00885-8,IPR004981,Secondary
10.1038_s41396-020-00885-8,IPR033396,Secondary
10.1038_s41396-020-00885-8,IPR001577,Secondary
10.1038_s41396-020-00885-8,IPR006201,Secondary
10.1038_s41396-020-00885-8,IPR000884,Secondary
10.1038_s41396-020-00885-8,IPR004911,Secondary
10.1038_s41396-020-00885-8,IPR016201,Secondary
10.1038_s41396-020-00885-8,IPR002477,Secondary
10.1038_s41396-020-00885-8,IPR021345,Secondary
10.1038_s41396-020-00885-8,IPR012338,Secondary
10.1038_s41396-020-00885-8,IPR029787,Secondary
10.1038_s41396-020-00885-8,IPR036452,Secondary
10.1038_s41396-020-00885-8,IPR008139,Secondary
10.1038_s41396-020-00885-8,IPR017920,Secondary
10.1038_s41396-020-00885-8,IPR004007,Secondary
10.1038_s41396-020-00885-8,IPR004785,Secondary
10.1038_s41396-020-00885-8,IPR005524,Secondary
10.1038_s41396-020-00885-8,PR028730,Secondary
10.1038_s41396-020-00885-8,IPR029723,Secondary
10.1038_s41396-020-00885-8,IPR009613,Secondary
10.1038_s41396-020-00885-8,IPR001124,Secondary
10.1038_s41396-020-00885-8,IPR002889,Secondary
10.1038_s41396-020-00885-8,IPR011124,Secondary
10.1038_s41396-020-00885-8,PRJEB6603,Primary
10.1038_s41396-020-00885-8,PRJEB41235,Primary
10.1038_s41396-020-00885-8,https://doi.org/10.6084/m9.figshare.c.5008046,Primary
10.1038_s41396-020-00885-8,IPR028730,Secondary
10.1038_s41437-020-0318-8,https://doi.org/10.5061/dryad.rxwdbrv58,Primary
10.1038_s41467-018-04041-x,PNQY00000000,Primary
10.1038_s41467-018-04041-x,PNQY01000000,Primary
10.1038_s41467-018-04041-x,MG518493,Primary
10.1038_s41467-018-04041-x,MG518517,Primary
10.1038_s41467-018-04041-x,https://doi.org/10.1594/pangaea.860727,Primary
10.1038_s41467-018-04041-x,https://doi.org/10.1594/pangaea.876062,Primary
10.1038_s41467-018-07681-1,https://doi.org/10.5281/zenodo.1472500,Primary
10.1038_s41562-021-01247-w,https://doi.org/10.34973/983b-a047,Primary
10.1038_s41597-019-0101-y,GSE130386i,Primary
10.1038_s41597-019-0101-y,SRP184152,Primary
10.1038_s41597-019-0101-y,piGSE130386,Primary
10.1038_s41597-019-0101-y,https://doi.org/10.6084/m9.figshare.c.4378256.v1,Primary
10.1038_s41597-022-01555-4,https://doi.org/10.7937/tcia.xc7a-qt20,Primary
10.1038_s41597-022-01555-4,https://doi.org/10.7937/tcia.e3sv-re93,Secondary
10.1038_s41597-022-01555-4,https://doi.org/10.7937/q1ee-j082,Secondary
10.1038_s41597-022-01555-4,https://doi.org/10.7937/k9/tcia.2016.hdhpgjlk,Secondary
10.1038_s41597-023-02280-2,EMPIAR-10005,Secondary
10.1038_s41597-023-02280-2,EMPIAR-10852,Secondary
10.1038_s41597-023-02280-2,EMPIAR-10387,Secondary
10.1038_s41597-023-02280-2,EMPIAR-10532,Secondary
10.1038_s41597-023-02280-2,EMPIAR-11057,Secondary
10.1038_s41597-023-02280-2,EMPIAR-10093,Secondary
10.1038_s41597-023-02280-2,EMPIAR-10017,Secondary
10.1038_s41597-023-02280-2,EMPIAR10081,Secondary
10.1038_s41597-023-02280-2,EMPIAR-10406,Secondary
10.1038_s41597-023-02280-2,EMPIAR-10345,Secondary
10.1038_s41597-023-02280-2,EMPIAR10406,Secondary
10.1038_s41597-023-02280-2,EMPIARID10345,Secondary
10.1038_s41597-023-02280-2,EMPIARID10406,Secondary
10.1038_s41597-023-02280-2,EMPIAR10345,Secondary
10.1038_s41598-020-59839-x,IPR014760,Secondary
10.1038_s41598-020-59839-x,IPR000264,Secondary
10.1038_s41598-020-59839-x,IPR020857,Secondary
10.1038_s41598-020-59839-x,SM00103,Secondary
10.1038_s41598-020-59839-x,IPR020858,Secondary
10.1038_s41598-020-59839-x,PIRSF002520,Secondary
10.1038_s41598-020-59839-x,IPR021177,Secondary
10.1038_s41598-020-59839-x,IPR023415,Secondary
10.1038_s41598-020-59839-x,SM00192,Secondary
10.1038_s41598-020-59839-x,IPR002172,Secondary
10.1038_s41598-020-59839-x,ENSOARG00000013782,Secondary
10.1038_s41598-020-59839-x,ENSOARG00000012835,Secondary
10.1038_s41598-020-59839-x,ENSOARG00000013966,Secondary
10.1038_s41598-020-59839-x,ENSOARG00000014129,Secondary
10.1038_s41598-020-59839-x,ENSOARG00000013966,Secondary
10.1038_s41598-020-59839-x,ENSOARG00000003950,Secondary
10.1038_s41598-020-59839-x,ENSOARG00000002239,Secondary
10.1038_s41598-020-59839-x,ENSOARG00000001337,Secondary
10.1038_s41598-020-59839-x,ENSOARG00000012128,Secondary
10.1038_s41598-020-59839-x,ENSOARG00000002144,Secondary
10.1038_s41598-020-59839-x,ENSOARG00000002898,Secondary
10.1038_s41598-020-59839-x,ENSOARG00000005291,Secondary
10.1038_s41598-020-59839-x,ENSOARG00000013303,Secondary
10.1038_s41598-020-59839-x,ENSBTAG00000017121,Secondary
10.1038_s41598-020-59839-x,ENSBTAG00000013718,Secondary
10.1038_s41598-020-59839-x,ENSBTAG00000017131,Secondary
10.1038_s41598-020-59839-x,ENSBTAG00000047833,Secondary
10.1038_s41598-020-59839-x,ENSBTAG00000011038,Secondary
10.1038_s41598-020-59839-x,ENSBTAG00000021275,Secondary
10.1038_s41598-020-59839-x,ENSBTAG00000009143,Secondary
10.1038_s41598-020-59839-x,ENSBTAG00000017869,Secondary
10.1038_s41598-020-59839-x,ENSBTAG00000009139,Secondary
10.1038_s41598-020-59839-x,ENSBTAG00000032007,Secondary
10.1038_s41598-020-59839-x,ENSBTAG00000034501,Secondary
10.1038_s41598-020-59839-x,ENSBTAG00000018517,Secondary
10.1038_s41598-020-59839-x,NM_001078656,Secondary
10.1038_s41598-021-85671-y,https://doi.org/10.7937/k9/tcia.2017.8oje5q00,Secondary
10.1038_s41598-021-85671-y,https://doi.org/10.7937/tcia.2019.8kap372n,Secondary
10.1038_s41598-021-85671-y,https://doi.org/10.7937/tcia.2019.8dho2gls,Secondary
10.1038_s41598-024-56373-y,OR353748,Primary
10.1038_s41598-024-56373-y,CP130886,Primary
10.1038_s41598-024-56373-y,AJ229235,Secondary
10.1038_s41598-024-56373-y,NR_146840,Secondary
10.1038_s41598-024-56373-y,NR_027571,Secondary
10.1038_s41598-024-56373-y,GCA_007743815.1,Secondary
10.1038_s41598-024-56373-y,GCA_007745435.1,Secondary
10.1038_s41598-024-56373-y,GCA_001983935.1,Secondary
10.1038_s41598-024-56373-y,GCA_007746795.1,Secondary
10.1038_s41598-024-56373-y,GCA_007744675.1,Secondary
10.1038_s41598-024-56373-y,GCA_007745175.1,Secondary
10.1038_s41598-024-56373-y,GCA_013036045.1,Secondary
10.1038_s41598-024-56373-y,GCA_009720525.1,Secondary
10.1038_s41598-024-56373-y,GCA_007754425.1,Secondary
10.1038_s41598-024-56373-y,GCA_007748015.1,Secondary
10.1038_s41598-024-56373-y,GCA_008329715.1,Secondary
10.1038_s41598-024-56373-y,GCA_007748195.1,Secondary
10.1038_s41598-024-56373-y,GCA_007747795.1,Secondary
10.1038_s41598-024-56373-y,GCA_007747015.1,Secondary
10.1038_s41598-024-56373-y,GCA_900113665.1,Secondary
10.1038_s41598-024-56373-y,GCA_000165715.3,Secondary
10.1038_s41598-024-56373-y,GCA_022267515.1,Secondary
10.1038_s41598-024-56373-y,GCA_007747995.1,Secondary
10.1038_s41598-024-56373-y,GCA_007860075.1,Secondary
10.1038_s41598-024-56373-y,GCA_007744255.1,Secondary
10.1038_s41598-024-56373-y,GCA_011634775.1,Secondary
10.1038_s41598-024-56373-y,GCA_007859735.1,Secondary
10.1038_s41598-024-56373-y,GCA_007744975.1,Secondary
10.1038_s41598-024-56373-y,GCA_000255655.1,Secondary
10.1038_s41598-024-56373-y,GCA_007859715.1,Secondary
10.1038_s41598-024-56373-y,GCA_000092105.1,Secondary
10.1038_s41598-024-56373-y,GCA_007752345.1,Secondary
10.1038_s41598-024-56373-y,GCA_000153105.1,Secondary
10.1038_s41598-024-56373-y,CP001848.1,Secondary
10.1038_s41598-024-56373-y,GCA_001707835.1,Secondary
10.1038_s41598-024-56373-y,BX119912.1,Secondary
10.1038_sdata.2017.167,https://doi.org/10.5061/dryad.sm847,Primary
10.1039_d1ee03696c,https://doi.org/10.3334/cdiac/00001_v2017,Secondary
10.1039_d2cc00847e,https://doi.org/10.5281/zenodo.6010342,Secondary
10.1073_pnas.1323607111,https://doi.org/10.5061/dryad.v2t58,Primary
10.1073_pnas.1705601114,PRJEB21611,Primary
10.1073_pnas.1705601114,https://doi.org/10.5061/dryad.7248c,Primary
10.1073_pnas.1711872115,https://doi.org/10.5281/zenodo.1135372,Primary
10.1073_pnas.1915395117,https://doi.org/10.6073/pasta/57108aaeede00e77cac110bc5366a92b,Primary
10.1073_pnas.1915395117,https://doi.org/10.6073/pasta/1a5760c3146c574c98db854ad6d3addc,Secondary
10.1073_pnas.1915395117,https://doi.org/10.6073/pasta/721fdcde85b630d1b4548b677d9b1d86,Secondary
10.1073_pnas.2306723120,https://doi.org/10.5066/f7df6pqs,Secondary
10.1073_pnas.2306723120,https://doi.org/10.15468/dl.k8zeq6,Primary
10.1073_pnas.2306723120,https://doi.org/10.15468/dl.a2a348,Primary
10.1073_pnas.2306723120,https://doi.org/10.5281/zenodo.8411975,Primary
10.1073_pnas.2306723120,https://doi.org/10.16904/envidat.159,Secondary
10.1080_19475683.2023.2226196,https://doi.org/10.15468/dl.cb2hsf,Primary
10.1080_19475683.2023.2226196,https://doi.org/10.15468/dl.qm4v2t,Primary
10.1080_19475683.2023.2226196,https://doi.org/10.15468/dl.92jj3s,Primary
10.1080_19475683.2023.2226196,https://doi.org/10.15468/dl.be7krr,Primary
10.1080_19475683.2023.2226196,https://doi.org/10.15468/dl.yc59mu,Primary
10.1080_19475683.2023.2226196,https://doi.org/10.15468/dl.qgemaq,Primary
10.1080_19475683.2023.2226196,https://doi.org/10.15468/dl.ucepps,Primary
10.1080_19475683.2023.2226196,https://doi.org/10.15468/dl.zrhwa2,Primary
10.1080_19475683.2023.2226196,https://doi.org/10.15468/dl.nvnscr,Primary
10.1080_19475683.2023.2226196,https://doi.org/10.15468/dl.ah5fq7,Primary
10.1080_19475683.2023.2226196,https://doi.org/10.15468/dl.waw9qx,Primary
10.1080_19475683.2023.2226196,https://doi.org/10.15468/dl.dcatgu,Primary
10.1080_19475683.2023.2226196,https://doi.org/10.15468/dl.gtnw2a,Primary
10.1080_19475683.2023.2226196,https://doi.org/10.15468/dl.txwcpa,Primary
10.1080_19475683.2023.2226196,https://doi.org/10.15468/dl.sz5x6g,Primary
10.1080_19475683.2023.2226196,https://doi.org/10.15468/dl.2a5f6c,Primary
10.1080_19475683.2023.2226196,https://doi.org/10.15468/dl.6qzmh7,Primary
10.1080_21645515.2023.2189598,ENSMMUT00000006359,Secondary
10.1080_21645515.2023.2189598,ENSMMUT00000046595,Secondary
10.1080_21645515.2023.2189598,ENSMMUT00000023562,Secondary
10.1080_21645515.2023.2189598,ENSMMUT00000044361,Secondary
10.1080_21645515.2023.2189598,ENSMMUT00000022050,Secondary
10.1080_21645515.2023.2189598,ENSMMUT00000017222,Secondary
10.1080_21645515.2023.2189598,ENSMMUT00000007289,Secondary
10.1080_21645515.2023.2189598,ENSMMUT00000013362,Secondary
10.1080_21645515.2023.2189598,ENSMMUT00000015979,Secondary
10.1080_21645515.2023.2189598,ENSMMUT00000043132,Secondary
10.1080_21645515.2023.2189598,ENSMMUT00000008499,Secondary
10.1080_21645515.2023.2189598,ENSMMUT00000003274,Secondary
10.1080_21645515.2023.2189598,ENSMMUT00000047863,Secondary
10.1080_21645515.2023.2189598,ENSMMUT00000042190,Secondary
10.1080_21645515.2023.2189598,NM_001127,Secondary
10.1080_21645515.2023.2189598,NM_001194,Secondary
10.1080_21645515.2023.2189598,NM_001110,Secondary
10.1080_21645515.2023.2189598,NM_001257,Secondary
10.1093_beheco_arad016,https://doi.org/10.5061/dryad.rxwdbrvdc,Primary
10.1093_beheco_arw167,https://doi.org/10.5061/dryad.12np0,Primary
10.1093_beheco_arz101,https://doi.org/10.5061/dryad.4dj6042,Primary
10.1093_bib_bbab395,https://doi.org/10.5281/zenodo.4923158,Primary
10.1093_evolut_qpad206,PRJNA1009132,Primary
10.1093_evolut_qpad206,https://doi.org/10.5061/dryad.d2547d87h,Primary
10.1093_nar_gkp1049,PF00106,Secondary
10.1093_nar_gkp1049,PF03372,Secondary
10.1093_sysbio_syy011,https://doi.org/10.5061/dryad.739bs,Primary
10.1093_sysbio_syy011,KT346366,Secondary
10.1093_sysbio_syy011,NC_028017,Secondary
10.1093_sysbio_syy011,NC_011112,Secondary
10.1098_rsbl.2015.0113,https://doi.org/10.5061/dryad.1h7p0,Primary
10.1098_rsos.160417,https://doi.org/10.5061/dryad.2bs69,Primary
10.1098_rsos.170796,https://doi.org/10.6084/m9.figshare.c.3872161,Primary
10.1098_rsos.170796,https://doi.org/10.5061/dryad.2g5f9,Primary
10.1098_rsos.190841,https://doi.org/10.5061/dryad.3b65k44,Primary
10.1098_rsos.210982,https://doi.org/10.5061/dryad.fxpnvx0pn,Primary
10.1098_rspb.2015.0371,https://doi.org/10.5061/dryad.kh7nt,Primary
10.1098_rspb.2015.1498,https://doi.org/10.5061/dryad.rj7g1,Primary
10.1098_rspb.2015.2726,https://doi.org/10.5061/dryad.2fp25,Primary
10.1098_rspb.2015.2764,https://doi.org/10.5061/dryad.447sq,Primary
10.1101_096297,https://doi.org/10.5281/zenodo.817658,Primary
10.1101_096297,PRJEB9450,Secondary
10.1101_096297,PRJEB11742,Secondary
10.1101_096297,PRJEB14673,Secondary
10.1101_096297,PRJEB14167,Secondary
10.1101_096297,PRJEB2176,Secondary
10.1101_096297,PRJEB15190,Secondary
10.1101_096297,PRJNA323493,Secondary
10.1101_096297,PRJEB11513,Secondary
10.1101_096297,PRJEB11897,Secondary
10.1101_096297,SRP065082,Secondary
10.1101_2022.02.10.480011,https://doi.org/10.15482/usda.adc/1524676,Secondary
10.1101_2022.07.21.501061,https://doi.org/10.15468/dl.354f8k,Primary
10.1101_2022.07.21.501061,https://doi.org/10.15468/dl.pdjqte,Primary
10.1101_2022.07.21.501061,https://doi.org/10.15468/dl.nbku3v,Primary
10.1101_2022.07.21.501061,https://doi.org/10.15468/dl.uejpg6,Primary
10.1101_2022.07.21.501061,https://doi.org/10.5061/dryad.547d7wmc2,Primary
10.1103_physrevresearch.4.023008,https://doi.org/10.5291/ill-data.5-31-2380,Primary
10.1107_s2059798322005691,https://doi.org/10.18150/vaojlj,Primary
10.1107_s2059798322005691,https://doi.org/10.18150/r8vj7v,Primary
10.1107_s2059798322005691,https://doi.org/10.18150/lienz5,Primary
10.1107_s2059798322005691,https://doi.org/10.18150/6oxplo,Primary
10.1107_s2059798322005691,https://doi.org/10.18150/wefsc9,Primary
10.1107_s2059798322005691,https://doi.org/10.18150/xsexuf,Primary
10.1107_s2059798322005691,R3BTBM,Primary
10.1107_s2059798322005691,https://doi.org/10.18150/t0wc49,Primary
10.1107_s2059798322005691,7qy6,Primary
10.1107_s2059798322005691,7qsf,Primary
10.1107_s2059798322005691,7r5c,Primary
10.1107_s2059798322005691,7qq8,Primary
10.1107_s2059798322005691,7qyx,Primary
10.1107_s2059798322005691,7r1g,Primary
10.1107_s2059798322005691,7qym,Primary
10.1107_s2059798322005691,7qvr,Primary
10.1107_s2059798322005691,7qtc,Primary
10.1107_s2059798322005691,https://doi.org/10.18150/vazz2f,Primary
10.1109_access.2024.3385658,https://doi.org/10.5281/zenodo.10908593/,Primary
10.1111_1365-2435.13087,https://doi.org/10.5061/dryad.hs20gv7,Primary
10.1111_1365-2435.13431,https://doi.org/10.5061/dryad.d84hg87,Primary
10.1111_1365-2435.13569,https://doi.org/10.5061/dryad.9s4mw6mbw,Primary
10.1111_1365-2656.12382,https://doi.org/10.5061/dryad.r390f,Primary
10.1111_1365-2656.12491,https://doi.org/10.5061/dryad.h5j86,Primary
10.1111_1365-2656.12501,https://doi.org/10.5061/dryad.m02hm,Primary
10.1111_1365-2656.12594,https://doi.org/10.5061/dryad.gb5mkkwk8,Primary
10.1111_1365-2664.13128,https://doi.org/10.5061/dryad.n3k9f,Primary
10.1111_1365-2664.13136,https://doi.org/10.5061/dryad.bn7p2f5,Primary
10.1111_1365-2664.13168,https://doi.org/10.5061/dryad.j8cm402,Primary
10.1111_1365-2664.13446,https://doi.org/10.5061/dryad.6d66b49,Primary
10.1111_1365-2745.13449,https://doi.org/10.5061/dryad.r7sqv9s8n,Primary
10.1111_1365-2745.13449,PRJNA627488,Primary
10.1111_2041-210x.12453,https://doi.org/10.5061/dryad.h4f7p,Primary
10.1111_2041-210x.13817,https://doi.org/10.5061/dryad.fn2z34tw7,Primary
10.1111_acel.13089,GSE141725,Primary
10.1111_acel.13089,rs33912345,Secondary
10.1111_acel.13089,https://doi.org/10.6075/j0707ztm,Primary
10.1111_cas.12935,Q99538,Secondary
10.1111_cas.12935,O75787,Secondary
10.1111_cas.12935,P24593,Secondary
10.1111_cas.12935,P17900,Secondary
10.1111_cas.12935,P21741,Secondary
10.1111_cas.12935,P51884,Secondary
10.1111_cas.12935,P53004,Secondary
10.1111_cas.12935,Q08629,Secondary
10.1111_cas.12935,Q12907,Secondary
10.1111_cas.12935,Q96AG4,Secondary
10.1111_cas.12935,P23142,Secondary
10.1111_cas.12935,P24821,Secondary
10.1111_cas.12935,HPA001426,Secondary
10.1111_cas.12935,HPA003156,Secondary
10.1111_cas.12935,CAB009216,Secondary
10.1111_cas.12935,HPA008063,Secondary
10.1111_cas.12935,CAB010055,Secondary
10.1111_cas.12935,HPA001522,Secondary
10.1111_cas.12935,HPA042865,Secondary
10.1111_cas.12935,HPA007450,Secondary
10.1111_cas.12935,HPA003927,Secondary
10.1111_cas.12935,HPA030827,Secondary
10.1111_cas.12935,CAB004592,Secondary
10.1111_cas.12935,HPA001612,Secondary
10.1111_ddi.13161,https://doi.org/10.13020/z71w-jx69,Primary
10.1111_ddi.13161,https://doi.org/10.5061/dryad.73n5tb2v8,Primary
10.1111_ejn.13855,https://doi.org/10.5281/zenodo.1158410,Primary
10.1111_eva.12151,https://doi.org/10.5061/dryad.3978f,Primary
10.1111_eva.12151,KJ437343,Primary
10.1111_eva.12151,KJ437271,Primary
10.1111_eva.12151,rs12979860,Secondary
10.1111_eva.12151,rs8099917,Secondary
10.1111_eva.12151,AF009606,Secondary
10.1111_eva.12446,https://doi.org/10.5061/dryad.7g2c9,Primary
10.1111_eva.12768,https://doi.org/10.5061/dryad.rf79641,Primary
10.1111_evo.13972,https://doi.org/10.5061/dryad.3xsj3txbz,Primary
10.1111_gcb.13914,https://doi.org/10.15131/shef.data.5414629,Primary
10.1111_ggr.12517,https://doi.org/10.5281/zenodo.7804445,Primary
10.1111_mec.16743,https://doi.org/10.5066/p9f519wo,Primary
10.1111_mec.16743,https://doi.org/10.5061/dryad.g1jwstqsg,Primary
10.1111_mec.16743,https://doi.org/10.5066/p93r9uel,Secondary
10.1111_mec.16743,PRJNA794822,Primary
10.1111_mec.16977,https://doi.org/10.5061/dryad.4mw6m90cz,Primary
10.1111_mec.16977,PRJNA955776,Primary
10.1111_njb.02077,https://doi.org/10.5061/dryad.2gh0ht2,Primary
10.1128_spectrum.00422-24,GCA_024582855.4,Primary
10.1128_spectrum.00422-24,GCA_002574795,Secondary
10.1128_spectrum.00422-24,GCA_002566345,Secondary
10.1128_spectrum.00422-24,GCA_002561015,Secondary
10.1128_spectrum.00422-24,PF04347,Secondary
10.1128_spectrum.00422-24,PF01052,Secondary
10.1128_spectrum.00422-24,PF04509,Secondary
10.1128_spectrum.00422-24,PF02154,Secondary
10.1128_spectrum.00422-24,PF03748,Secondary
10.1128_spectrum.00422-24,PF03963,Secondary
10.1128_spectrum.00422-24,GCA_02557935.1,Secondary
10.1128_spectrum.00422-24,GCA_002551875.1,Secondary
10.1128_spectrum.00422-24,GCA_018615055.1,Secondary
10.1128_spectrum.00422-24,GCA_002552955.1,Secondary
10.1128_spectrum.00422-24,GCA_023824195.1,Secondary
10.1128_spectrum.00422-24,GCA_014892475.1,Secondary
10.1128_spectrum.00422-24,GCA_002872495.3,Secondary
10.1128_spectrum.00422-24,GCA_003382345.1,Secondary
10.1128_spectrum.00422-24,GCA_029873355.1,Secondary
10.1128_spectrum.00422-24,SRX23584000,Primary
10.1128_spectrum.00422-24,SRX23571306,Primary
10.1128_spectrum.00422-24,PRJNA700828,Primary
10.1128_spectrum.00422-24,GCA_002567645.1,Secondary
10.1128_spectrum.00422-24,PF00356,Secondary
10.1128_spectrum.00422-24,PF13377,Secondary
10.1128_spectrum.00422-24,PF00248,Secondary
10.1130_ges01387.1,https://doi.org/10.5066/f7qn64xq,Secondary
10.1130_ges01387.1,https://doi.org/10.5066/f7th8jwj,Secondary
10.1130_ges01387.1,https://doi.org/10.5066/f7930r7p,Secondary
10.1136_jitc-2021-003114,CVCL_7151,Secondary
10.1136_jitc-2021-003114,CVCL_2213,Secondary
10.1136_jitc-2021-003114,CVCL_0627,Secondary
10.1136_jitc-2021-003114,CVCL_6245,Secondary
10.1136_jitc-2021-003114,CVCL_0530,Secondary
10.1136_jitc-2021-003114,CVCL_3967,Secondary
10.1136_jitc-2021-003114,CVCL_0395,Secondary
10.1136_jitc-2021-003114,CVCL_2235,Secondary
10.1136_jitc-2021-003114,CVCL_1917,Secondary
10.1136_jitc-2021-003114,CVCL_1919,Secondary
10.1136_jitc-2021-003114,CVCL_1916,Secondary
10.1136_jitc-2021-003114,CVCL_1918,Secondary
10.1136_jitc-2021-003114,CVCL_D615,Secondary
10.1136_jitc-2021-003114,CVCL_KS61,Secondary
10.1136_jitc-2021-003114,CVCL_0213,Secondary
10.1145_3461702.3462538,https://doi.org/10.3886/icpsr35035.v1,Secondary
10.1145_3461702.3462538,https://doi.org/10.3886/icpsr35020.v1,Secondary
10.1145_3461702.3462538,https://doi.org/10.3886/icpsr36120.v2,Secondary
10.1145_3461702.3462538,https://doi.org/10.3886/icpsr36119.v1,Secondary
10.1145_3461702.3462538,https://doi.org/10.3886/icpsr36398.v1,Secondary
10.1145_3461702.3462538,https://doi.org/10.3886/icpsr36395.v1,Secondary
10.1145_3461702.3462538,https://doi.org/10.3886/icpsr36795.v1,Secondary
10.1145_3461702.3462538,https://doi.org/10.3886/icpsr36791.v1,Secondary
10.1145_3461702.3462538,https://doi.org/10.3886/icpsr37062.v1,Secondary
10.1145_3461702.3462538,https://doi.org/10.3886/icpsr37065.v2,Secondary
10.1145_3461702.3462538,https://doi.org/10.3886/icpsr27646.v1,Secondary
10.1145_3461702.3462538,https://doi.org/10.3886/icpsr30770.v1,Secondary
10.1145_3461702.3462538,https://doi.org/10.3886/icpsr30765.v1,Secondary
10.1145_3461702.3462538,https://doi.org/10.3886/icpsr33530.v1,Secondary
10.1145_3461702.3462538,https://doi.org/10.3886/icpsr33525.v1,Secondary
10.1145_3461702.3462538,https://doi.org/10.3886/icpsr34585.v1,Secondary
10.1145_3461702.3462538,https://doi.org/10.3886/icpsr34584.v1,Secondary
10.1145_3461702.3462538,https://doi.org/10.3886/icpsr25104.v1,Secondary
10.1145_3461702.3462538,https://doi.org/10.3886/icpsr25113.v1,Secondary
10.1145_3461702.3462538,https://doi.org/10.3886/icpsr27647.v1,Secondary
10.1186_gb-2010-11-10-r101,GEO:GSE24237,Primary
10.1186_s11658-018-0120-2,GSE70604,Secondary
10.1186_s11658-018-0120-2,GSE2280,Secondary
10.1186_s12859-016-0922-z,SRP023548,Secondary
10.1186_s12859-016-0922-z,SRR873838,Secondary
10.1186_s12859-016-0922-z,SRR873834,Secondary
10.1186_s12859-016-0922-z,SRR873822,Secondary
10.1186_s12859-016-0922-z,SRR879615,Secondary
10.1186_s12859-016-0922-z,SRR879800,Secondary
10.1186_s12859-016-0922-z,SRR880232,Secondary
10.1186_s12859-016-0922-z,SRR881272,Secondary
10.1186_s12859-016-0922-z,SRR880070,Secondary
10.1186_s12859-016-0922-z,SRR881852,Secondary
10.1186_s12859-016-0922-z,SRR881451,Secondary
10.1186_s12859-016-0922-z,SRR881672,Secondary
10.1186_s12859-016-0922-z,SRR881985,Secondary
10.1186_s12859-016-0922-z,SRP041955,Secondary
10.1186_s12859-016-0922-z,GSE49712,Secondary
10.1186_s12859-016-0922-z,SRR950078,Secondary
10.1186_s12859-016-0922-z,SRR950080,Secondary
10.1186_s12859-016-0922-z,SRR950082,Secondary
10.1186_s12859-016-0922-z,SRR950084,Secondary
10.1186_s12859-016-0922-z,SRR950086,Secondary
10.1186_s12859-016-0922-z,SRR950079,Secondary
10.1186_s12859-016-0922-z,SRR950081,Secondary
10.1186_s12859-016-0922-z,SRR950083,Secondary
10.1186_s12859-016-0922-z,SRR950085,Secondary
10.1186_s12859-016-0922-z,SRR950087,Secondary
10.1186_s12859-016-0922-z,GSE70285,Primary
10.1186_s12859-017-1952-x,SRP035367,Secondary
10.1186_s12859-017-1952-x,SRR1508275,Secondary
10.1186_s12859-017-1952-x,SRP079401,Secondary
10.1186_s12859-018-2263-6,GSE83083,Secondary
10.1186_s12859-018-2263-6,GSE37147,Secondary
10.1186_s12859-018-2263-6,GSE4115,Secondary
10.1186_s12859-018-2263-6,GSE994,Secondary
10.1186_s12859-018-2263-6,GSE66499,Secondary
10.1186_s12859-018-2263-6,GSE7895,Secondary
10.1186_s12859-018-2263-6,GSE59765,Secondary
10.1186_s12860-020-00261-6,UP000000757,Secondary
10.1186_s12860-020-00261-6,PXD016241,Primary
10.1186_s12862-015-0558-z,https://doi.org/10.6070/h4t43r3v,Primary
10.1186_s12862-015-0558-z,https://doi.org/10.6070/h4pg1pr0,Primary
10.1186_s12862-015-0558-z,https://doi.org/10.6070/h4jq0z24,Primary
10.1186_s12862-015-0558-z,https://doi.org/10.6070/h4dz06bs,Primary
10.1186_s12862-015-0558-z,https://doi.org/10.6070/h45d8pvn,Primary
10.1186_s12862-015-0558-z,https://doi.org/10.6070/h4xw4gsd,Primary
10.1186_s12862-015-0558-z,https://doi.org/10.6070/h42n5083,Primary
10.1186_s12862-015-0558-z,https://doi.org/10.6070/h4959fkc,Primary
10.1186_s12862-015-0558-z,NC_002655,Secondary
10.1186_s12863-019-0790-4,SRP158951,Primary
10.1186_s12864-015-2206-9,ENSMODG00000014381,Secondary
10.1186_s12864-015-2206-9,GCA_000189315.1,Secondary
10.1186_s12864-015-2206-9,GCA_000219685.1,Secondary
10.1186_s12864-015-2206-9,SRX015793,Secondary
10.1186_s12864-015-2206-9,A:SRX015790,Secondary
10.1186_s12864-015-2206-9,SRX862745,Secondary
10.1186_s12864-015-2206-9,ERS624953,Primary
10.1186_s12864-015-2206-9,ERS624952,Primary
10.1186_s12864-018-5198-4,PRJNA421475,Primary
10.1186_s12864-018-5198-4,FJ203996.1,Secondary
10.1186_s12864-018-5198-4,DQ343646.1,Secondary
10.1186_s12864-018-5198-4,DQ343645.1,Secondary
10.1186_s12864-019-5872-1,PRJDB4785,Primary
10.1186_s12864-019-5872-1,ENSDARG00000010097,Secondary
10.1186_s12864-019-5872-1,ENSDARG00000060016,Secondary
10.1186_s12864-019-5872-1,ENSDARG00000023445,Secondary
10.1186_s12864-019-5872-1,ENSDARG00000058821,Secondary
10.1186_s12864-019-5872-1,ENSDARG00000076364,Secondary
10.1186_s12864-019-5872-1,ENSDARG00000013250,Secondary
10.1186_s12864-019-5872-1,ENSDARG00000018418,Secondary
10.1186_s12864-019-5872-1,ENSDARG00000005479,Secondary
10.1186_s12864-019-5872-1,ENSDARG00000074636,Secondary
10.1186_s12864-019-5872-1,ENSDARG00000073933,Secondary
10.1186_s12864-019-5872-1,ENSDARG00000039241,Secondary
10.1186_s12864-019-5872-1,ENSDARG00000003403,Secondary
10.1186_s12864-019-5872-1,ENSDARG00000020057,Secondary
10.1186_s12864-019-5872-1,ENSDARG00000028533,Secondary
10.1186_s12864-019-5872-1,ENSDARG00000037079,Secondary
10.1186_s12864-019-5872-1,ENSDARG00000043963,Secondary
10.1186_s12864-019-5872-1,ENSDARG00000052766,Secondary
10.1186_s12864-019-5872-1,ENSDARG00000076998,Secondary
10.1186_s12864-019-6099-x,SRR8906254,Primary
10.1186_s12864-019-6099-x,SRR8906256,Primary
10.1186_s12864-019-6131-1,ENSPSIG00000011968,Secondary
10.1186_s12864-019-6131-1,https://doi.org/10.6084/m9.figshare.5202853,Secondary
10.1186_s12864-019-6131-1,SRR952232,Secondary
10.1186_s12864-019-6131-1,SRR2028042,Secondary
10.1186_s12864-019-6131-1,SRR2028057,Secondary
10.1186_s12864-019-6131-1,SRR2028138,Secondary
10.1186_s12864-019-6131-1,SRR2028233,Secondary
10.1186_s12864-019-6131-1,SRR5444488,Secondary
10.1186_s12864-019-6131-1,PRJEB13246,Secondary
10.1186_s12864-019-6131-1,PRJEB13248,Secondary
10.1186_s12864-019-6131-1,PRJEB12891,Secondary
10.1186_s12864-019-6131-1,SRR5444513,Secondary
10.1186_s12864-019-6131-1,SRR952238,Secondary
10.1186_s12864-019-6131-1,ERR519283,Secondary
10.1186_s12864-019-6131-1,ERR519288,Secondary
10.1186_s12864-019-6131-1,ERR5220668,Secondary
10.1186_s12864-019-6131-1,ERR522063,Secondary
10.1186_s12864-019-6131-1,SRR7194749,Secondary
10.1186_s12864-019-6131-1,SRR6300650,Secondary
10.1186_s12864-019-6131-1,SRR7194798,Secondary
10.1186_s12864-019-6131-1,SRR6300675,Secondary
10.1186_s12864-019-6131-1,SRR6305144,Secondary
10.1186_s12864-019-6131-1,PRJNA292031,Secondary
10.1186_s12864-019-6131-1,PRJEB25675,Primary
10.1186_s12864-019-6131-1,PRJEB27669,Primary
10.1186_s12864-019-6131-1,PRJEB27670,Primary
10.1186_s12864-019-6131-1,PRJEB24169,Primary
10.1186_s12864-019-6131-1,PRJEB22479,Primary
10.1186_s12864-019-6131-1,LN794246,Secondary
10.1186_s12864-019-6131-1,LN794245,Secondary
10.1186_s12864-019-6131-1,KT970642,Secondary
10.1186_s12864-019-6131-1,KT445834,Secondary
10.1186_s12864-019-6131-1,KJ196275,Secondary
10.1186_s12864-019-6131-1,MF000729,Secondary
10.1186_s12864-019-6131-1,NC_006112.4,Secondary
10.1186_s12864-020-6657-2,PRJDB8242,Primary
10.1186_s12864-020-6657-2,SAMD00169834,Primary
10.1186_s12864-020-6657-2,DRA008324,Primary
10.1186_s12864-020-6657-2,BJKT01000001,Primary
10.1186_s12864-020-6657-2,DRA008220,Primary
10.1186_s12864-020-6657-2,DRA006301,Primary
10.1186_s12864-020-6657-2,DRA008173,Primary
10.1186_s12864-020-6657-2,SRP051959,Secondary
10.1186_s12866-015-0509-2,PRJNA283549,Primary
10.1186_s12866-015-0509-2,GCA_000011805.1,Secondary
10.1186_s12866-015-0509-2,PRJNA58163,Secondary
10.1186_s12866-019-1542-3,RQWM00000000,Primary
10.1186_s12866-019-1542-3,RQWM01000000,Primary
10.1186_s12866-019-1542-3,GCA_000007825.1,Secondary
10.1186_s12866-019-1542-3,GCA_000008505.1,Secondary
10.1186_s12866-019-1542-3,NC_007530.2,Secondary
10.1186_s12866-019-1542-3,NC_007323.3,Secondary
10.1186_s12866-019-1542-3,NC_007322.2,Secondary
10.1186_s12866-020-01863-y,MN931248,Primary
10.1186_s12866-020-01863-y,MN931689,Primary
10.1186_s12866-020-01863-y,MN931700,Primary
10.1186_s12866-020-01863-y,MT273088,Primary
10.1186_s12866-020-01863-y,MN931247,Primary
10.1186_s12866-020-01863-y,MN923050,Primary
10.1186_s12866-020-01863-y,NC_002978,Secondary
10.1186_s12866-020-01863-y,PRJNA593570,Primary
10.1186_s12866-020-01863-y,SAMN13481355,Primary
10.1186_s12866-020-01863-y,SAMN14519337,Primary
10.1186_s12866-020-01863-y,SRX8097933,Primary
10.1186_s12866-020-01863-y,SRX7550680,Primary
10.1186_s12866-020-01863-y,SRX7550679,Primary
10.1186_s12866-020-01863-y,SRX8097936,Primary
10.1186_s12866-020-01863-y,MN923050,Primary
10.1186_s12866-020-01863-y,MN923069,Primary
10.1186_s12866-020-01863-y,JN018180,Secondary
10.1186_s12866-020-01863-y,JN018172,Secondary
10.1186_s12866-020-01863-y,JN018203,Secondary
10.1186_s12866-020-01863-y,CP041215,Secondary
10.1186_s12866-020-01863-y,AP013028,Secondary
10.1186_s12866-020-01863-y,NC_010981,Secondary
10.1186_s12866-020-01863-y,NC_006833,Secondary
10.1186_s12866-020-01863-y,LYUW00000000,Secondary
10.1186_s12866-020-01863-y,NC_018267,Secondary
10.1186_s12866-020-01863-y,NZ_CM003641,Secondary
10.1186_s12866-020-01863-y,NZ_AP013028,Secondary
10.1186_s12866-020-01863-y,NZ_HG810405,Secondary
10.1186_s12866-020-01863-y,MUIY01000000,Secondary
10.1186_s12866-020-01863-y,LRUH01000000,Secondary
10.1186_s12866-020-01863-y,ALWU00000000,Secondary
10.1186_s12866-020-01863-y,NZ_MJMG01000000,Secondary
10.1186_s12866-020-01863-y,WQMQ00000000,Primary
10.1186_s12866-020-01863-y,JAAXCS000000000,Primary
10.1186_s12881-019-0773-3,rs6275,Secondary
10.1186_s12881-019-0773-3,rs6277,Secondary
10.1186_s12881-019-0773-3,rs6279,Secondary
10.1186_s12881-019-0773-3,rs6280,Secondary
10.1186_s12881-019-0773-3,rs27048,Secondary
10.1186_s12881-019-0773-3,rs40184,Secondary
10.1186_s12881-019-0773-3,rs324035,Secondary
10.1186_s12881-019-0773-3,rs464049,Secondary
10.1186_s12881-019-0773-3,rs936461,Secondary
10.1186_s12881-019-0773-3,rs963468,Secondary
10.1186_s12881-019-0773-3,rs2283265,Secondary
10.1186_s12881-019-0773-3,rs2617605,Secondary
10.1186_s12881-019-0773-3,rs2734842,Secondary
10.1186_s12881-019-0773-3,rs2734849,Secondary
10.1186_s12881-019-0773-3,rs4245147,Secondary
10.1186_s12881-019-0773-3,rs9817063,Secondary
10.1186_s12881-019-0773-3,r54532,Secondary
10.1186_s12881-019-0773-3,r56277,Secondary
10.1186_s12881-019-0773-3,r56279,Secondary
10.1186_s12881-019-0773-3,r56280,Secondary
10.1186_s12881-019-0773-3,r56323,Secondary
10.1186_s12881-019-0773-3,r56347,Secondary
10.1186_s12881-019-0773-3,r5464049,Secondary
10.1186_s12881-019-0773-3,r5963468,Secondary
10.1186_s12881-019-0773-3,r54975646,Secondary
10.1186_s12881-019-0773-3,r57633291,Secondary
10.1186_s12881-019-0773-3,rs27048,Secondary
10.1186_s12881-019-0773-3,rs167770,Secondary
10.1186_s12881-019-0773-3,rs167771,Secondary
10.1186_s12881-019-0773-3,rs250686,Secondary
10.1186_s12881-019-0773-3,rs324035,Secondary
10.1186_s12881-019-0773-3,rs936461,Secondary
10.1186_s12881-019-0773-3,rs1048953,Secondary
10.1186_s12881-019-0773-3,rs1076560,Secondary
10.1186_s12881-019-0773-3,rs1076562,Secondary
10.1186_s12881-019-0773-3,rs1137070,Secondary
10.1186_s12881-019-0773-3,rs1587756,Secondary
10.1186_s12881-019-0773-3,rs1799836,Secondary
10.1186_s12881-019-0773-3,rs1800828,Secondary
10.1186_s12881-019-0773-3,rs1801028,Secondary
10.1186_s12881-019-0773-3,rs2134655,Secondary
10.1186_s12881-019-0773-3,rs2283265,Secondary
10.1186_s12881-019-0773-3,rs2550956,Secondary
10.1186_s12881-019-0773-3,rs2734849,Secondary
10.1186_s12881-019-0773-3,rs3756450,Secondary
10.1186_s12881-019-0773-3,rs3758653,Secondary
10.1186_s12881-019-0773-3,rs3773678,Secondary
10.1186_s12881-019-0773-3,rs3863145,Secondary
10.1186_s12881-019-0773-3,rs11133767,Secondary
10.1186_s12881-019-0773-3,rs11246226,Secondary
10.1186_s12881-019-0773-3,rs11721264,Secondary
10.1186_s12870-019-1632-2,SAMN10345060,Primary
10.1186_s12870-019-1632-2,SAMN10345061,Primary
10.1186_s12870-019-1632-2,SAMN10345062,Primary
10.1186_s12870-019-1632-2,SAMN10345063,Primary
10.1186_s12870-019-1632-2,PRJNA499783,Primary
10.1186_s12870-019-1632-2,SAMN10345065,Primary
10.1186_s12870-019-1632-2,SAMN10345064,Primary
10.1186_s12870-019-1926-4,https://doi.org/10.15454/6tl2n4,Primary
10.1186_s12870-019-1926-4,https://doi.org/10.15454/iasstn,Primary
10.1186_s12870-019-1926-4,https://doi.org/10.15454/aec4bn,Primary
10.1186_s12870-020-02651-6,PRJCA001964,Primary
10.1186_s12870-020-02651-6,SAMC116814,Primary
10.1186_s12870-020-02651-6,SAMC116811,Primary
10.1186_s12870-020-02692-x,MT702589,Secondary
10.1186_s12870-020-02692-x,MT702590,Secondary
10.1186_s12870-020-02692-x,MT702583,Secondary
10.1186_s12870-020-02692-x,JN105300.1,Secondary
10.1186_s12870-020-02692-x,ADK55061.1,Secondary
10.1186_s12870-020-02692-x,HQ283447.1,Secondary
10.1186_s12870-020-02692-x,HQ283448.1,Secondary
10.1186_s12870-020-02692-x,MT702582,Secondary
10.1186_s12870-020-02692-x,KJ466969.1,Secondary
10.1186_s12870-020-02692-x,MT702586,Secondary
10.1186_s12870-020-02692-x,MT702587,Secondary
10.1186_s12870-020-02692-x,MT702588,Secondary
10.1186_s12870-020-02692-x,MT702584,Secondary
10.1186_s12870-020-02692-x,MT702585,Secondary
10.1186_s12870-020-2295-8,PRJNA574257,Primary
10.1186_s12870-020-2295-8,PRJNA605850,Primary
10.1186_s12885-017-3237-1,SRP101418,Primary
10.1186_s12885-018-4229-5,rs1800747,Secondary
10.1186_s12885-018-4229-5,rs11571658,Secondary
10.1186_s12885-018-4229-5,rs80358557,Secondary
10.1186_s12885-018-4229-5,rs80359099,Secondary
10.1186_s12885-018-4229-5,rs80359351,Secondary
10.1186_s12885-018-4229-5,rs80359487,Secondary
10.1186_s12885-018-4229-5,rs80359490,Secondary
10.1186_s12885-018-4229-5,rs80359526,Secondary
10.1186_s12885-018-4229-5,rs80359659,Secondary
10.1186_s12885-018-4229-5,rs80359734,Secondary
10.1186_s12885-018-4229-5,rs180177098,Secondary
10.1186_s12885-018-4229-5,rs180177110,Secondary
10.1186_s12885-018-4229-5,rs276174903,Secondary
10.1186_s12885-018-4229-5,rs373885654,Secondary
10.1186_s12885-018-4229-5,rs377698594,Secondary
10.1186_s12885-018-4229-5,rs397507178,Secondary
10.1186_s12885-018-4229-5,rs397507627,Secondary
10.1186_s12885-018-4229-5,rs397507739,Secondary
10.1186_s12885-018-4229-5,rs397507860,Secondary
10.1186_s12885-018-4229-5,rs397508040,Secondary
10.1186_s12885-018-4229-5,rs483353077,Secondary
10.1186_s12885-018-4229-5,rs587781658,Secondary
10.1186_s12885-018-4229-5,rs730881872,Secondary
10.1186_s12885-018-4229-5,rs730881940,Secondary
10.1186_s12885-018-4229-5,rs753862052,Secondary
10.1186_s12885-018-4229-5,rs779582317,Secondary
10.1186_s12885-018-4229-5,rs786203494,Secondary
10.1186_s12885-018-4229-5,rs876659036,Secondary
10.1186_s12885-018-4229-5,rs878853559,Secondary
10.1186_s12885-018-4229-5,rs879255309,Secondary
10.1186_s12885-019-5681-6,EGAD00001004885,Primary
10.1186_s12885-019-5681-6,GSE128766,Primary
10.1186_s12916-019-1469-4,GSE135055,Primary
10.1186_s12918-018-0620-8,PXD008153,Primary
10.1186_s12920-018-0379-1,GSE115601,Primary
10.1186_s12920-018-0403-5,NM_0002046.3,Secondary
10.1186_s12920-018-0403-5,NM_007393,Secondary
10.1186_s12920-018-0403-5,NM_003406.2,Secondary
10.1186_s12920-018-0403-5,NM_000493.3,Secondary
10.1186_s12920-018-0403-5,NM_001854.2,Secondary
10.1186_s12920-018-0403-5,NM_004385.2,Secondary
10.1186_s12920-018-0403-5,NM_013372.5,Secondary
10.1186_s12920-018-0403-5,NM_000526.3,Secondary
10.1186_s12920-018-0403-5,NM_005940.3,Secondary
10.1186_s12920-018-0403-5,NM_006832.1,Secondary
10.1186_s12920-018-0403-5,NM_015170.1,Secondary
10.1186_s12920-018-0403-5,NM_003247.2,Secondary
10.1186_s12920-018-0403-5,NM_002046.3,Secondary
10.1186_s12920-018-0403-5,GSE72205,Primary
10.1186_s12920-019-0628-y,GSE49710,Secondary
10.1186_s12920-019-0628-y,GSE3960,Secondary
10.1186_s12920-019-0628-y,GSE62564,Secondary
10.1186_s12920-019-0628-y,GSE16476,Secondary
10.1186_s12920-019-0628-y,https://doi.org/10.5281/zenodo.3357673,Primary
10.1186_s12920-019-0646-9,GSE63695,Primary
10.1186_s12920-020-00737-6,EGAS00001004394,Primary
10.1186_s12920-020-00737-6,https://doi.org/10.17044/nbis/g000003,Primary
10.1186_s12934-018-1005-9,PF06013,Secondary
10.1186_s12934-018-1005-9,PF15652,Secondary
10.1186_s12934-018-1005-9,PF15542,Secondary
10.1186_s12934-018-1005-9,IPR028916,Secondary
10.1186_s12934-018-1005-9,PF12639,Secondary
10.1186_s12943-019-1017-z,SRP149488,Primary
10.1186_s12943-019-1017-z,GDS723,Secondary
10.1186_s12943-019-1017-z,GDS4121,Secondary
10.1186_s12943-019-1017-z,GDS1453,Secondary
10.1186_s12943-019-1017-z,GSE11324,Secondary
10.1186_s12943-019-1017-z,GSE71651,Primary
10.1186_s12967-020-02311-1,GSE31312,Primary
10.1186_s12967-020-02311-1,GSE10846,Primary
10.1186_s12974-020-01860-y,GSE144193,Primary
10.1186_s13024-018-0254-8,GSE65067,Secondary
10.1186_s13024-018-0254-8,GSE49329,Secondary
10.1186_s13024-018-0254-8,GSE74615,Secondary
10.1186_s13024-018-0254-8,GSE101689,Secondary
10.1186_s13024-018-0266-4,GSE65067,Secondary
10.1186_s13024-018-0266-4,PXD007160,Secondary
10.1186_s13024-018-0266-4,PXD009137,Primary
10.1186_s13039-022-00631-z,GSE87048,Secondary
10.1186_s13039-022-00631-z,GSE67047,Secondary
10.1186_s13046-018-0843-y,O00410,Secondary
10.1186_s13046-018-0843-y,O95373,Secondary
10.1186_s13046-018-0843-y,Q96P70,Secondary
10.1186_s13046-018-0843-y,P52292,Secondary
10.1186_s13046-018-0843-y,O00629,Secondary
10.1186_s13046-018-0843-y,O00505,Secondary
10.1186_s13046-018-0843-y,Q14974,Secondary
10.1186_s13046-018-0843-y,Q92973,Secondary
10.1186_s13046-018-0843-y,E9PFH4,Secondary
10.1186_s13046-018-0843-y,O14980,Secondary
10.1186_s13046-018-0843-y,P55060,Secondary
10.1186_s13046-018-0843-y,Q9HAV4,Secondary
10.1186_s13046-018-0843-y,P12270,Secondary
10.1186_s13046-018-0843-y,Q9UKX7,Secondary
10.1186_s13046-018-0843-y,PXD007771,Primary
10.1186_s13054-015-1052-0,GSE26440,Primary
10.1186_s13054-015-1052-0,GSE26378,Primary
10.1186_s13059-018-1557-3,GSE120232,Primary
10.1186_s13059-018-1557-3,GSE119466,Primary
10.1186_s13059-019-1749-5,GSE126200,Primary
10.1186_s13059-019-1749-5,rs17163363,Secondary
10.1186_s13059-019-1749-5,rs67180937,Secondary
10.1186_s13059-019-1840-y,EGAD00001004965,Primary
10.1186_s13059-019-1918-6,GSE118622,Primary
10.1186_s13059-019-1924-8,GSE63525,Secondary
10.1186_s13059-019-1924-8,GSE72816,Secondary
10.1186_s13059-019-1924-8,E-MTAB-2323,Secondary
10.1186_s13059-019-1924-8,ENCSR451UAK,Secondary
10.1186_s13059-019-1924-8,ENCSR502KJC,Secondary
10.1186_s13059-019-1924-8,ENCSR376OQT,Secondary
10.1186_s13059-019-1924-8,ENCSR970YPW,Secondary
10.1186_s13059-019-1924-8,ENCSR282MAC,Secondary
10.1186_s13059-019-1924-8,ENCSR551OAQ,Secondary
10.1186_s13059-019-1924-8,ENCSR529CSY,Secondary
10.1186_s13059-019-1924-8,ENCSR117DKP,Secondary
10.1186_s13059-019-1924-8,ENCSR117AJU,Secondary
10.1186_s13059-019-1924-8,ENCSR935NWB,Secondary
10.1186_s13059-019-1924-8,ENCSR981LWT,Secondary
10.1186_s13059-019-1924-8,ENCSR593JKE,Secondary
10.1186_s13059-019-1924-8,ENCSR000COQ,Secondary
10.1186_s13059-019-1924-8,ENCSR000CPR,Secondary
10.1186_s13059-019-1924-8,ENCSR830HIN,Secondary
10.1186_s13059-019-1924-8,ENCSR860HAA,Secondary
10.1186_s13059-019-1924-8,ENCSR000AEM,Secondary
10.1186_s13059-019-1924-8,ENCSR000CTQ,Secondary
10.1186_s13059-019-1924-8,ENCSR000CPL,Secondary
10.1186_s13059-019-1924-8,ENCSR480YCS,Secondary
10.1186_s13059-020-02048-6,GSE141115,Primary
10.1186_s13059-020-1949-z,GSM2396858,Secondary
10.1186_s13059-020-1949-z,GSM2396859,Secondary
10.1186_s13059-020-1949-z,GSM3630200,Secondary
10.1186_s13059-020-1949-z,GSM3630201,Secondary
10.1186_s13059-020-1949-z,GSM3630202,Secondary
10.1186_s13059-020-1949-z,GSM3630203,Secondary
10.1186_s13059-020-1949-z,GSE133549,Secondary
10.1186_s13059-020-1949-z,https://doi.org/10.5281/zenodo.3564179,Primary
10.1186_s13068-017-0901-2,GSE90611,Primary
10.1186_s13068-018-1167-z,PRJEB25632,Primary
10.1186_s13068-018-1167-z,PRJNA265584,Primary
10.1186_s13068-018-1316-4,GSE72765,Primary
10.1186_s13071-018-2964-8,SRP093558,Primary
10.1186_s13071-018-2964-8,PRJNA354110,Primary
10.1186_s13072-019-0285-6,GSE95356,Secondary
10.1186_s13072-019-0285-6,GSE73406,Secondary
10.1186_s13072-019-0285-6,GSE49739,Secondary
10.1186_s13072-019-0285-6,GSE80049,Secondary
10.1186_s13072-019-0285-6,GSE98063,Secondary
10.1186_s13072-019-0285-6,GSE98966,Secondary
10.1186_s13072-019-0285-6,GSE100723,Secondary
10.1186_s13072-019-0285-6,GSE49733,Secondary
10.1186_s13072-019-0285-6,GSE51176,Secondary
10.1186_s13072-019-0285-6,GSE54167,Secondary
10.1186_s13072-019-0285-6,GSE73972,Secondary
10.1186_s13072-019-0285-6,GSE98967,Secondary
10.1186_s13072-019-0285-6,GSE81436,Secondary
10.1186_s13072-019-0285-6,GSE79033,Secondary
10.1186_s13072-019-0285-6,GSE19602,Secondary
10.1186_s13072-019-0285-6,PRJNA522350,Primary
10.1186_s13073-020-00727-4,NC_010227.2,Secondary
10.1186_s13073-020-00727-4,NC_010277.2,Secondary
10.1186_s13073-020-00727-4,PRJNA606748,Primary
10.1186_s13100-019-0153-8,MH937731,Primary
10.1186_s13100-019-0153-8,MH937730,Primary
10.1186_s13104-018-4014-1,SRX2499144,Primary
10.1186_s13104-018-4014-1,SRX2499147,Primary
10.1186_s13568-018-0680-6,SRP144478,Primary
10.1186_s13750-020-0184-0,https://doi.org/10.6084/m9.figshare.5897389,Secondary
10.1186_s13750-020-0184-0,https://doi.org/10.6084/m9.figshare.5897272,Secondary
10.1186_s40168-017-0338-7,PRJNA349463,Primary
10.1186_s40168-018-0532-2,IPR000515,Secondary
10.1186_s40168-018-0532-2,PF01036,Secondary
10.1186_s40168-018-0532-2,ERP009498,Secondary
10.1186_s40168-018-0550-0,PRJNA273799,Primary
10.1186_s40168-018-0550-0,SRP058493,Primary
10.1186_s40168-018-0550-0,PRJEB21451,Primary
10.1186_s40170-018-0185-4,GSE92742,Secondary
10.1186_s40478-018-0561-x,GSE110720,Primary
10.1186_s40478-018-0561-x,GSE110716,Primary
10.1186_s40478-018-0561-x,GSE110717,Primary
10.1186_s40478-018-0561-x,GSE110718,Primary
10.1186_s40478-018-0561-x,GSE110719,Primary
10.1186_s40657-020-00194-w,https://doi.org/10.5061/dryad.25f7g,Secondary
10.1186_s40657-020-00194-w,PRJNA396570,Primary
10.1186_s40657-020-00194-w,https://doi.org/10.5281/zenodo.3525340,Primary
10.1186_s40657-020-00194-w,PRJNA​39657​0,Primary
10.1212_wnl.0000000000006035,https://doi.org/10.5061/dryad.tq61224,Primary
10.1212_wnl.0000000000006035,PXD009578,Primary
10.1212_wnl.0000000000006035,NM_001510,Secondary
10.1242_bio.035071,https://doi.org/10.5061/dryad.dk5gt88,Primary
10.1242_dev.138545,https://doi.org/10.5061/dryad.fj0qj,Primary
10.1242_jeb.211466,https://doi.org/10.5061/dryad.gtht76hhb,Primary
10.12688_f1000research.4660.1,https://doi.org/10.5256/f1000research.4660.d34165,Primary
10.12688_f1000research.10556.1,https://doi.org/10.5256/f1000research.10556.d148743,Primary
10.12688_f1000research.10556.1,https://doi.org/10.5256/f1000research.10556.d148744,Primary
10.12688_f1000research.11698.1,https://doi.org/10.5256/f1000research.11698.d163782,Primary
10.12688_f1000research.11698.1,https://doi.org/10.5256/f1000research.11698.d163781,Primary
10.12688_f1000research.11698.1,https://doi.org/10.5256/f1000research.11698.d163783,Primary
10.12688_f1000research.11698.1,https://doi.org/10.5256/f1000research.11698.d163784,Primary
10.12688_f1000research.11698.1,https://doi.org/10.5256/f1000research.11698.d163786,Primary
10.12688_f1000research.11698.1,https://doi.org/10.5256/f1000research.11698.d163788,Primary
10.12688_f1000research.11698.1,https://doi.org/10.5256/f1000research.11698.d163789,Primary
10.12688_f1000research.11698.1,https://doi.org/10.5256/f1000research.11698.d163790,Primary
10.12688_f1000research.13064.1,https://doi.org/10.5256/f1000research.13064.d183806,Primary
10.12688_f1000research.13483.1,https://doi.org/10.5256/f1000research.13483.d188591,Primary
10.12688_f1000research.13622.1,https://doi.org/10.5256/f1000research.13622.d194234,Primary
10.12688_f1000research.13622.1,https://doi.org/10.5256/f1000research.13622.d194235,Primary
10.12688_f1000research.13622.1,https://doi.org/10.5256/f1000research.13622.d194233,Primary
10.12688_f1000research.13622.1,https://doi.org/10.5256/f1000research.13622.d194236,Primary
10.12688_f1000research.13622.1,https://doi.org/10.5256/f1000research.13609.d194564,Primary
10.12688_f1000research.13852.1,https://doi.org/10.5256/f1000research.13852.d195529,Primary
10.1364_oe.25.001985,https://doi.org/10.15125/bath-00325,Primary
10.1371_journal.pcbi.1011828,PXD001676,Secondary
10.1371_journal.pcbi.1011828,PXD002137,Secondary
10.1371_journal.pcbi.1011828,PXD014511,Secondary
10.1371_journal.pcbi.1011828,PXD019504,Secondary
10.1371_journal.pcbi.1011828,PDC000111,Secondary
10.1371_journal.pcbi.1011828,E-PROT-23,Secondary
10.1371_journal.pcbi.1011828,E-PROT-106,Secondary
10.1371_journal.pcbi.1011828,E-PROT-105,Secondary
10.1371_journal.pcbi.1011828,E-PROT-104,Secondary
10.1371_journal.pcbi.1011828,E-PROT-103,Secondary
10.1371_journal.pcbi.1011828,PXD005693,Secondary
10.1371_journal.pcbi.1011828,PXD020454,Secondary
10.1371_journal.pcbi.1011828,PXD010458,Secondary
10.1371_journal.pcbi.1011828,JPST000867,Secondary
10.1371_journal.pcbi.1011828,PXD031556,Secondary
10.1371_journal.pcbi.1011828,PXD032899,Secondary
10.1371_journal.pcbi.1011828,E-PROT-100,Secondary
10.1371_journal.pcbi.1011828,E-PROT-101,Secondary
10.1371_journal.pcbi.1011828,E-PROT-102,Secondary
10.1371_journal.pcbi.1011828,E-PROT-107,Secondary
10.1371_journal.pcbi.1011828,E-PROT-108,Secondary
10.1371_journal.pcbi.1011828,E-PROT-109,Secondary
10.1371_journal.pcbi.1011828,E-PROT-110,Secondary
10.1371_journal.pcbi.1011828,PXD005709,Secondary
10.1371_journal.pcbi.1011828,GSE41258,Secondary
10.1371_journal.pntd.0005385,https://doi.org/10.5061/dryad.72v34,Primary
10.1371_journal.pone.0070749,https://doi.org/10.5061/dryad.5q1sb,Primary
10.1371_journal.pone.0096457,https://doi.org/10.5061/dryad.[sn878,Primary
10.1371_journal.pone.0117675,https://doi.org/10.5061/dryad.7pd40,Primary
10.1371_journal.pone.0137181,https://doi.org/10.5061/dryad.m4r46,Primary
10.1371_journal.pone.0139215,https://doi.org/10.5061/dryad.27m63,Primary
10.1371_journal.pone.0146274,KT345715,Primary
10.1371_journal.pone.0146274,KT345716,Primary
10.1371_journal.pone.0146274,KT345720,Primary
10.1371_journal.pone.0146274,KT345719,Primary
10.1371_journal.pone.0146274,KT345718,Primary
10.1371_journal.pone.0146274,KT345717,Primary
10.1371_journal.pone.0146274,KT345721,Primary
10.1371_journal.pone.0146274,KT345722,Primary
10.1371_journal.pone.0146274,KT345723,Primary
10.1371_journal.pone.0146274,KT345724,Primary
10.1371_journal.pone.0146274,KT345725,Primary
10.1371_journal.pone.0146274,https://doi.org/10.5061/dryad.kh186,Primary
10.1371_journal.pone.0146274,ENSG00000116044,Secondary
10.1371_journal.pone.0146274,ENSPTRG00000012677,Secondary
10.1371_journal.pone.0146274,ENSBTAG00000019255,Secondary
10.1371_journal.pone.0146274,ENSCAFG00000013506,Secondary
10.1371_journal.pone.0146274,ENSSTOG00000000313,Secondary
10.1371_journal.pone.0146274,KT345715-KT345725,Primary
10.1371_journal.pone.0159387,SRX1830060,Primary
10.1371_journal.pone.0159387,PRJNA296687,Primary
10.1371_journal.pone.0159387,CP013147,Primary
10.1371_journal.pone.0159387,PRJNA20133,Secondary
10.1371_journal.pone.0159387,PRJNA16146,Secondary
10.1371_journal.pone.0159387,PRJNA16148,Secondary
10.1371_journal.pone.0159387,PRJNA167259,Secondary
10.1371_journal.pone.0159387,PRJNA167255,Secondary
10.1371_journal.pone.0159387,PRJNA167229,Secondary
10.1371_journal.pone.0159387,PRJNA167242,Secondary
10.1371_journal.pone.0159387,PRJNA74077,Secondary
10.1371_journal.pone.0159387,PRJNA74089,Secondary
10.1371_journal.pone.0159387,PRJNA65041,Secondary
10.1371_journal.pone.0159387,PRJNA167235,Secondary
10.1371_journal.pone.0159387,PRJNA10687,Secondary
10.1371_journal.pone.0159387,PRJNA293,Secondary
10.1371_journal.pone.0159387,PRJNA32553,Secondary
10.1371_journal.pone.0159387,PRJNA217894,Secondary
10.1371_journal.pone.0159387,PRJNA185511,Secondary
10.1371_journal.pone.0159387,PRJNA287300,Secondary
10.1371_journal.pone.0159387,PRJNA65043,Secondary
10.1371_journal.pone.0159387,PRJNA74039,Secondary
10.1371_journal.pone.0159387,PRJNA74079,Secondary
10.1371_journal.pone.0159387,PRJNA167243,Secondary
10.1371_journal.pone.0159387,PRJNA74167,Secondary
10.1371_journal.pone.0159387,PRJNA47139,Secondary
10.1371_journal.pone.0159387,PRJNA74123,Secondary
10.1371_journal.pone.0170126,KU363044,Primary
10.1371_journal.pone.0170126,KU363044,Primary
10.1371_journal.pone.0170126,KU363045,Primary
10.1371_journal.pone.0170126,KU363046,Primary
10.1371_journal.pone.0170126,KU363047,Primary
10.1371_journal.pone.0170126,KU363048,Primary
10.1371_journal.pone.0170126,KU363049,Primary
10.1371_journal.pone.0170126,KU363050,Primary
10.1371_journal.pone.0170126,KU363051,Primary
10.1371_journal.pone.0170126,KU363052,Primary
10.1371_journal.pone.0170126,KU363053,Primary
10.1371_journal.pone.0170126,KU363054,Primary
10.1371_journal.pone.0170126,KU363055,Primary
10.1371_journal.pone.0170126,KU363056,Primary
10.1371_journal.pone.0170126,KU363057,Primary
10.1371_journal.pone.0170126,KU363058,Primary
10.1371_journal.pone.0170126,KU363059,Primary
10.1371_journal.pone.0170126,KU363060,Primary
10.1371_journal.pone.0170126,KU363061,Primary
10.1371_journal.pone.0170126,KU363062,Primary
10.1371_journal.pone.0170126,KU363063,Primary
10.1371_journal.pone.0170126,KU363064,Primary
10.1371_journal.pone.0170126,KU363065,Primary
10.1371_journal.pone.0170126,KU363066,Primary
10.1371_journal.pone.0170126,KU363067,Primary
10.1371_journal.pone.0170126,KU363068,Primary
10.1371_journal.pone.0170126,KU363069,Primary
10.1371_journal.pone.0170126,KU363070,Primary
10.1371_journal.pone.0170126,KU363071,Primary
10.1371_journal.pone.0170126,KU363072,Primary
10.1371_journal.pone.0170126,KU363073,Primary
10.1371_journal.pone.0170126,KU363074,Primary
10.1371_journal.pone.0170126,KU363075,Primary
10.1371_journal.pone.0170126,KU363076,Primary
10.1371_journal.pone.0170126,KU363077,Primary
10.1371_journal.pone.0170126,KU363078,Primary
10.1371_journal.pone.0170126,KU363079,Primary
10.1371_journal.pone.0170126,KU363080,Primary
10.1371_journal.pone.0170126,KU363081,Primary
10.1371_journal.pone.0170126,KU363082,Primary
10.1371_journal.pone.0170126,KU363111,Primary
10.1371_journal.pone.0170126,KU363112,Primary
10.1371_journal.pone.0170126,KU363113,Primary
10.1371_journal.pone.0170126,KU363114,Primary
10.1371_journal.pone.0170126,KU363115,Primary
10.1371_journal.pone.0170126,KU363116,Primary
10.1371_journal.pone.0170126,KU363122,Primary
10.1371_journal.pone.0170126,KU363123,Primary
10.1371_journal.pone.0170126,KU363124,Primary
10.1371_journal.pone.0170126,KU363125,Primary
10.1371_journal.pone.0170126,KU363126,Primary
10.1371_journal.pone.0170126,KU363127,Primary
10.1371_journal.pone.0170126,KU363132,Primary
10.1371_journal.pone.0170126,KU363128,Primary
10.1371_journal.pone.0170126,KU363129,Primary
10.1371_journal.pone.0170126,KU363131,Primary
10.1371_journal.pone.0170126,KU363130,Primary
10.1371_journal.pone.0170126,KU363083,Primary
10.1371_journal.pone.0170126,KU363084,Primary
10.1371_journal.pone.0170126,KU363085,Primary
10.1371_journal.pone.0170126,KU363086,Primary
10.1371_journal.pone.0170126,KU363087,Primary
10.1371_journal.pone.0170126,KU363088,Primary
10.1371_journal.pone.0170126,KU363089,Primary
10.1371_journal.pone.0170126,KU363090,Primary
10.1371_journal.pone.0170126,KU363091,Primary
10.1371_journal.pone.0170126,KU363092,Primary
10.1371_journal.pone.0170126,KU363093,Primary
10.1371_journal.pone.0170126,KU363094,Primary
10.1371_journal.pone.0170126,KU363095,Primary
10.1371_journal.pone.0170126,KU363096,Primary
10.1371_journal.pone.0170126,KU363097,Primary
10.1371_journal.pone.0170126,KU363098,Primary
10.1371_journal.pone.0170126,KU363099,Primary
10.1371_journal.pone.0170126,KU363100,Primary
10.1371_journal.pone.0170126,KU363101,Primary
10.1371_journal.pone.0170126,KU363102,Primary
10.1371_journal.pone.0170126,KU363103,Primary
10.1371_journal.pone.0170126,KU363121,Primary
10.1371_journal.pone.0170126,KU363117,Primary
10.1371_journal.pone.0170126,KU363118,Primary
10.1371_journal.pone.0170126,KU363120,Primary
10.1371_journal.pone.0170126,KU363119,Primary
10.1371_journal.pone.0170126,KU363104,Primary
10.1371_journal.pone.0170126,KU363105,Primary
10.1371_journal.pone.0170126,KU363106,Primary
10.1371_journal.pone.0170126,KU363107,Primary
10.1371_journal.pone.0170126,KU363108,Primary
10.1371_journal.pone.0170126,KU363109,Primary
10.1371_journal.pone.0170126,KU363110,Primary
10.1371_journal.pone.0188323,https://doi.org/10.13020/d6wx0s,Primary
10.1371_journal.pone.0198382,https://doi.org/10.5066/f72j69rm,Primary
10.1371_journal.pone.0200041,https://doi.org/10.5061/dryad.f8c5r7q,Primary
10.1371_journal.pone.0212669,E-GEOD-19722,Secondary
10.1371_journal.pone.0212669,E-GEOD-28654,Secondary
10.1371_journal.pone.0212669,E-GEOD-29623,Secondary
10.1371_journal.pone.0212669,E-GEOD-39084,Secondary
10.1371_journal.pone.0212669,E-GEOD-45216,Secondary
10.1371_journal.pone.0212669,E-GEOD-45670,Secondary
10.1371_journal.pone.0212669,E-GEOD-46474,Secondary
10.1371_journal.pone.0212669,E-GEOD-48278,Secondary
10.1371_journal.pone.0212669,E-GEOD-48350,Secondary
10.1371_journal.pone.0212669,E-GEOD-48780,Secondary
10.1371_journal.pone.0212669,E-GEOD-49243,Secondary
10.1371_journal.pone.0212669,E-GEOD-50774,Secondary
10.1371_journal.pone.0212669,E-GEOD-53224,Secondary
10.1371_journal.pone.0212669,E-GEOD-53890,Secondary
10.1371_journal.pone.0212669,E-GEOD-54543,Secondary
10.1371_journal.pone.0212669,E-GEOD-54837,Secondary
10.1371_journal.pone.0212669,E-GEOD-58697,Secondary
10.1371_journal.pone.0212669,E-GEOD-59312,Secondary
10.1371_journal.pone.0212669,E-GEOD-60028,Secondary
10.1371_journal.pone.0212669,E-GEOD-61804,Secondary
10.1371_journal.pone.0212669,E-GEOD-63626,Secondary
10.1371_journal.pone.0212669,E-GEOD-64415,Secondary
10.1371_journal.pone.0212669,E-GEOD-64857,Secondary
10.1371_journal.pone.0212669,E-GEOD-67851,Secondary
10.1371_journal.pone.0212669,E-GEOD-68720,Secondary
10.1371_journal.pone.0262974,GCA_000160935.1,Secondary
10.1371_journal.pone.0262974,GCA_000161215.1,Secondary
10.1371_journal.pone.0262974,GCA_000161155.1,Secondary
10.1371_journal.pone.0262974,GCA_000161295.1,Secondary
10.1371_journal.pone.0262974,GCA_000161175.1,Secondary
10.1371_journal.pone.0262974,GCA_000161055.1,Secondary
10.1371_journal.pone.0262974,GCA_000160895.1,Secondary
10.1371_journal.pone.0262974,GCA_000161275.1,Secondary
10.1371_journal.pone.0262974,GCA_000160915.1,Secondary
10.1371_journal.pone.0262974,GCA_000161315.1,Secondary
10.1371_journal.pone.0262974,GCA_000161195.1,Secondary
10.1371_journal.pone.0262974,GCA_000161235.1,Secondary
10.1371_journal.pone.0262974,GCA_000003645.1,Secondary
10.1371_journal.pone.0262974,GCA_000161095.1,Secondary
10.1371_journal.pone.0262974,GCA_000161395.1,Secondary
10.1371_journal.pone.0262974,GCA_000161375.1,Secondary
10.1371_journal.pone.0262974,GCA_000003955.1,Secondary
10.1371_journal.pone.0262974,GCA_0000160995.1,Secondary
10.1371_journal.pone.0262974,GCA_000161075.1,Secondary
10.1371_journal.pone.0262974,GCA_009176625.1,Secondary
10.1371_journal.pone.0262974,GCA_000021205.1,Secondary
10.1371_journal.pone.0262974,GCA_000007825.1,Secondary
10.1371_journal.pone.0262974,GCA_001518875.1,Secondary
10.1371_journal.pone.0262974,GCA_000022505.1,Secondary
10.1371_journal.pone.0262974,GCA_000008005.1,Secondary
10.1371_journal.pone.0262974,GCA_000021305.1,Secondary
10.1371_journal.pone.0262974,GCA_000021785.1,Secondary
10.1371_journal.pone.0262974,GCA_000239195.1,Secondary
10.1371_journal.pone.0262974,GCA_000013065.1,Secondary
10.1371_journal.pone.0262974,GCA_000143605.1,Secondary
10.1371_journal.pone.0262974,GCA_000833045.1,Secondary
10.1371_journal.pone.0262974,GCA_000021225.1,Secondary
10.1371_journal.pone.0262974,GCA_000283675.1,Secondary
10.1371_journal.pone.0262974,GCA_010223795.1,Secondary
10.1371_journal.pone.0262974,GCA_010232525.2,Secondary
10.1371_journal.pone.0262974,GCA_002504105.1,Secondary
10.1371_journal.pone.0262974,GCA_007923085.1,Secondary
10.1371_journal.pone.0262974,GCA_000161015.1,Secondary
10.1371_journal.pone.0262974,GCA_000161115.1,Secondary
10.1371_journal.pone.0262974,GCA_000161035.1,Secondary
10.1371_journal.pone.0262974,GCA_000161135.1,Secondary
10.1371_journal.pone.0284951,https://doi.org/org/10.13012/b2idb-5784165_v1,Primary
10.14358_pers.22-00039r2,https://doi.org/10.5066/p98lo5d4,Primary
10.14379_iodp.proc.390393.208.2024,https://doi.org/10.1594/pangaea.964943,Primary
10.14379_iodp.proc.390393.208.2024,https://doi.org/10.1594/pangaea.965000,Primary
10.14379_iodp.proc.390393.208.2024,https://doi.org/10.1594/ieda/500255,Secondary
10.1534_g3.119.400401,https://doi.org/10.25387/g3.9478253,Primary
10.1534_g3.119.400401,PRJNA473780,Secondary
10.1534_g3.119.400401,PRJNA488050,Secondary
10.1534_g3.119.400401,https://doi.org/10.13020/adqb-bb41,Primary
10.1534_g3.119.400993,https://doi.org/10.25387/g3.9626636,Primary
10.1534_g3.119.400993,GSE68510,Secondary
10.1534_g3.119.400993,GSE132167,Secondary
10.1534_genetics.120.303190,https://doi.org/10.25386/genetics.12136941,Primary
10.1590_0104-6632.20190362s20180340,MH532414,Secondary
10.1590_0104-6632.20190362s20180340,MH675468,Secondary
10.1590_0104-6632.20190362s20180340,MH532415,Secondary
10.1590_0104-6632.20190362s20180340,MH569333,Secondary
10.1590_1678-4685-gmb-2018-0055,SRR3187022,Secondary
10.1590_1678-4685-gmb-2018-0055,SRR3168931,Secondary
10.1590_1678-4685-gmb-2018-0055,SRR5438011,Secondary
10.1590_1678-4685-gmb-2018-0055,SRR5651498,Secondary
10.1590_1678-4685-gmb-2018-0055,AB556947,Secondary
10.1590_1678-4685-gmb-2018-0055,LN607806,Secondary
10.1590_1678-4685-gmb-2018-0055,HQ215539,Secondary
10.1590_1678-4685-gmb-2018-0055,HQ415764,Secondary
10.1590_1678-4685-gmb-2018-0055,KY950644,Secondary
10.1590_1678-4685-gmb-2018-0055,KC346251,Secondary
10.1590_1678-4685-gmb-2018-0055,KY950643,Secondary
10.1590_1678-4685-gmb-2018-0055,MF417380,Secondary
10.1590_1678-4685-gmb-2018-0055,MF591717,Secondary
10.1590_s1677-5538.ibju.2019.0167,JF461540.1,Secondary
10.1590_s1677-5538.ibju.2019.0167,JF461539.1,Secondary
10.1617_s11527-023-02260-3,https://doi.org/10.5518/1438,Primary
10.17581_bp.2020.09104,https://doi.org/10.15468/dl.elq8xm,Primary
10.17581_bp.2020.09104,https://doi.org/10.15468/dl.ze0mrg,Primary
10.18438_eblip29674,https://doi.org/10.6078/d1k419,Primary
10.20944_preprints202009.0353.v1,https://doi.org/10.15468/dl.jx7wck,Primary
10.21105_joss.04237,https://doi.org/10.5067/modis/mod13a2.006,Secondary
10.21105_joss.04237,https://doi.org/10.5067/gpm/imerg/3b-hh/06,Secondary
10.21105_joss.04237,https://doi.org/10.5067/zx7yx2y2lheb,Secondary
10.21105_joss.04237,https://doi.org/10.15485/1843541,Secondary
10.21203_rs.3.rs-2814013_v1,https://doi.org/10.15468/dl.qv53hc,Primary
10.21203_rs.3.rs-3338732_v1,https://doi.org/10.25422/azu.data.19680372,Secondary
10.21203_rs.3.rs-3338732_v1,https://doi.org/10.5066/p9vqpe9w,Secondary
10.3133_cir1497,https://doi.org/10.5066/p99onunm,Secondary
10.3133_cir1497,https://doi.org/10.5066/p9s5pvon,Secondary
10.3133_cir1497,https://doi.org/10.5066/p9xvjdnp,Secondary
10.3133_cir1497,https://doi.org/10.5066/p9eucgjq,Secondary
10.3133_cir1497,https://doi.org/10.5066/p9z04lnk,Secondary
10.3133_cir1497,https://doi.org/10.5066/p9gcdyt2,Secondary
10.3133_cir1497,https://doi.org/10.5066/f7tt4q4b,Secondary
10.3133_cir1497,https://doi.org/10.5066/f72z13n1,Secondary
10.3133_cir1497,https://doi.org/10.5066/p9h1s1pv,Secondary
10.3133_cir1497,https://doi.org/10.5066/f7nc5zfm,Secondary
10.3133_cir1497,https://doi.org/10.5066/f77d2s7b,Secondary
10.3133_cir1497,https://doi.org/10.5066/f7b27sb2,Secondary
10.3133_cir1497,https://doi.org/10.5066/f7930sg7,Secondary
10.3133_cir1497,https://doi.org/10.5066/f7h993cz,Secondary
10.3133_cir1497,https://doi.org/10.5066/f7wq01t3,Secondary
10.3133_cir1497,https://doi.org/10.5066/p9fz4ojw,Secondary
10.3133_cir1497,https://doi.org/10.5066/p92bghw1,Secondary
10.3133_cir1497,https://doi.org/10.5066/p9vysweh,Secondary
10.3133_cir1497,https://doi.org/10.5066/p9hdxe32,Secondary
10.3133_cir1497,https://doi.org/10.5066/f77d2s7b,Secondary
10.3133_fs20233046,https://doi.org/10.5066/p9ys1x7p,Secondary
10.3133_ofr20201035,https://doi.org/10.5066/p9zudioh,Primary
10.3133_ofr20201035,https://doi.org/10.5066/p9wek4ji,Primary
10.3133_ofr20231026,https://doi.org/10.5066/p9kehy2s,Primary
10.3133_ofr20231026,https://doi.org/10.5066/p9irl3gv,Secondary
10.3133_ofr20231026,https://doi.org/10.5066/p918e2p3,Secondary
10.3133_ofr20231026,https://doi.org/10.5066/f7dz0771,Secondary
10.3133_ofr20231027,https://doi.org/10.5066/p9ooiq0e,Primary
10.3389_fcell.2020.618552,https://doi.org/10.5281/zenodo.4311473,Primary
10.3389_fcell.2020.618552,E-MTAB-9291,Secondary
10.3389_fcell.2020.618552,E-MTAB-9290,Secondary
10.3389_fcell.2020.618552,S-BSST447,Secondary
10.3389_fcell.2020.618552,https://doi.org/10.5281/zenodo.3951126,Primary
10.3389_fcell.2020.618552,GSE33949,Secondary
10.3389_fcell.2020.618552,GSE92332,Secondary
10.3389_fcimb.2024.1292467,EPI_ISL_1626969,Secondary
10.3389_fcimb.2024.1292467,EPI_ISL_2365356,Secondary
10.3389_fcimb.2024.1292467,EPI_ISL_2340581,Secondary
10.3389_fcimb.2024.1292467,EPI_ISL_2340662,Secondary
10.3389_fcimb.2024.1292467,EPI_ISL_2340614,Secondary
10.3389_fcimb.2024.1292467,EPI_ISL_2340615,Secondary
10.3389_fcimb.2024.1292467,EPI_ISL_2340626,Secondary
10.3389_fcimb.2024.1292467,EPI_ISL_2340570,Secondary
10.3389_fcimb.2024.1292467,EPI_ISL_2340575,Secondary
10.3389_fcimb.2024.1292467,EPI_ISL_2402571,Secondary
10.3389_fcimb.2024.1292467,EPI_ISL_13295050,Secondary
10.3389_fcimb.2024.1292467,EPI_ISL_10271777,Secondary
10.3389_fcimb.2024.1292467,EPI_ISL_17371329,Secondary
10.3389_feart.2023.1205211,https://doi.org/10.5066/p9myl7wj,Secondary
10.3389_feart.2023.1205211,https://doi.org/10.5066/p9f7k9f2,Secondary
10.3389_feart.2023.1205211,https://doi.org/10.5066/p96zbxk8,Secondary
10.3389_feart.2023.1205211,https://doi.org/10.5066/p9j10nh5,Secondary
10.3389_feart.2023.1205211,https://doi.org/10.5066/f7930r7p,Secondary
10.3389_feart.2023.1205211,https://doi.org/10.5066/p9tw2x7y,Secondary
10.3389_feart.2023.1205211,https://doi.org/10.5066/p99mj096,Secondary
10.3389_fevo.2023.1112519,https://doi.org/10.1594/pangaea.921544,Primary
10.3389_fevo.2023.1112519,https://doi.org/10.1594/pangaea.941237,Primary
10.3389_fevo.2023.1112519,PRJNA780103,Primary
10.3389_fmicb.2024.1456637,SAMN12620691,Secondary
10.3389_fmicb.2024.1456637,SAMN12620692,Secondary
10.3389_fmicb.2024.1456637,SAMN12620693,Secondary
10.3389_fmicb.2024.1456637,SAMN12620694,Secondary
10.3389_fmicb.2024.1456637,SAMN12620697,Secondary
10.3389_fmicb.2024.1456637,SAMN12620700,Secondary
10.3389_fmicb.2024.1456637,SAMN12620701,Secondary
10.3389_fmicb.2024.1456637,SAMN12620702,Secondary
10.3389_fmicb.2024.1456637,SAMN12620703,Secondary
10.3389_fmicb.2024.1456637,SAMN12620704,Secondary
10.3389_fmicb.2024.1456637,SAMN03019926,Secondary
10.3389_fmicb.2024.1456637,SAMN04498560,Secondary
10.3389_fmicb.2024.1456637,SAMN04505646,Secondary
10.3389_fmicb.2024.1456637,SAMN04505647,Secondary
10.3389_fmicb.2024.1456637,SAMN07159041,Secondary
10.3389_fmicb.2024.1456637,SAMN08199278,Secondary
10.3389_fmicb.2024.1456637,SAMN07159045,Secondary
10.3389_fmicb.2024.1456637,SAMN09534374,Secondary
10.3389_fmicb.2024.1456637,SAMN07159044,Secondary
10.3389_fmicb.2024.1456637,SAMN08172567,Secondary
10.3389_fmicb.2024.1456637,SAMN33094111,Secondary
10.3389_fmicb.2024.1456637,SAMN33094114,Secondary
10.3389_fmicb.2024.1456637,SAMN33094102,Secondary
10.3389_fmicb.2024.1456637,SAMN33094099,Secondary
10.3389_fmicb.2024.1456637,SAMN33094112,Secondary
10.3389_fmicb.2024.1456637,SAMN17525956,Secondary
10.3389_fmicb.2024.1456637,NC_017643.1,Secondary
10.3389_fpls.2023.1160645,https://doi.org/10.4121/21864590,Primary
10.3390_d13010019,https://doi.org/10.6073/pasta/eeb59ddf840c51b93c4bc7b765d4d59f,Primary
10.3390_microorganisms8121872,CHEMBL3311228,Secondary
10.3390_microorganisms8121872,CHEMBL64391,Secondary
10.3390_microorganisms8121872,CHEMBL243644,Secondary
10.3390_microorganisms8121872,CHEMBL403,Secondary
10.3390_microorganisms8121872,CHEMBL3109593,Secondary
10.3390_microorganisms8121872,CHEMBL198796,Secondary
10.3390_microorganisms8121872,CHEMBL1568820,Secondary
10.3390_microorganisms8121872,CHEMBL76,Secondary
10.3390_microorganisms8121872,CHEMBL408500,Secondary
10.3390_microorganisms8121872,CHEMBL1652119,Secondary
10.3390_microorganisms8121872,CHEMBL402487,Secondary
10.3390_microorganisms8121872,CHEMBL2436978,Secondary
10.3390_microorganisms8121872,CHEMBL3752642,Secondary
10.3390_microorganisms8121872,CHEMBL561,Secondary
10.3390_microorganisms8121872,CHEMBL3960662,Secondary
10.3390_microorganisms8121872,CHEMBL4065616,Secondary
10.3390_rs12121957,https://doi.org/10.1594/pangaea.917588,Primary
10.3390_rs4102923,https://doi.org/10.1594/pangaea.775959,Secondary
10.3390_rs4102923,https://doi.org/10.1594/pangaea.779748,Secondary
10.3390_rs4102923,https://doi.org/10.1594/pangaea.780464,Secondary
10.3390_s23094491,https://doi.org/10.5281/zenodo.7871636,Primary
10.3390_s23177333,https://doi.org/10.5281/zenodo.8090619,Primary
10.3390_v11060565,EPI1184014,Secondary
10.3390_v11060565,EPI1019555,Secondary
10.3390_v11060565,EPI1184005,Secondary
10.3390_v11060565,EPI954557,Secondary
10.3390_v11060565,EPI1019554,Secondary
10.3390_v11060565,EPI1184004,Secondary
10.3390_v11060565,EPI1018206,Secondary
10.3390_v11060565,EPI954555,Secondary
10.3390_v11060565,EPI1018205,Secondary
10.3390_v11060565,EPI1019556,Secondary
10.3390_v11060565,EPI1104288,Secondary
10.3390_v11060565,EPI954556,Secondary
10.3390_v11060565,EPI1387245,Secondary
10.3390_v11060565,EPI1019558,Secondary
10.3390_v11060565,EPI954559,Secondary
10.3390_v11060565,EPI1183999,Secondary
10.3390_v11060565,EPI1018207,Secondary
10.3390_v11060565,EPI1104284,Secondary
10.3390_v11060565,EPI1018208,Secondary
10.3390_v11060565,EPI1019551,Secondary
10.3390_v11060565,EPI954552,Secondary
10.3390_v11060565,KX000734,Secondary
10.3390_v11060565,KX000727,Secondary
10.3390_v11060565,KX000717,Secondary
10.3390_v11060565,EPI1104286,Secondary
10.3390_v11060565,EPI1018210,Secondary
10.3390_v11060565,EPI954554,Secondary
10.3390_v11060565,EPI1019553,Secondary
10.3390_v11060565,EPI1019552,Secondary
10.3390_v11060565,EPI1104285,Secondary
10.3390_v11060565,EPI954553,Secondary
10.3390_v11060565,EPI1018211,Secondary
10.3390_v11060565,EPI1387252,Secondary
10.3897_bdj.7.e47369,https://doi.org/10.15468/dl.6fsft1,Primary
10.3897_jhr.96.111550,https://doi.org/10.15468/dl.x6cwjx,Primary
10.3897_jhr.96.111550,https://doi.org/10.15468/dl.4hgjbk,Primary
10.3897_neobiota.82.87455,https://doi.org/10.26197/ala.9380591e-6d29-44d1-9ffb-0d7d8df2be6a,Primary
10.3897_neobiota.82.87455,https://doi.org/10.26197/ala.eff1cef9-0c2b-4eb0-b08f-f1496f3b5dec,Primary
10.3897_neobiota.82.87455,https://doi.org/10.15468/dl.yu2xpv,Primary
10.3897_neobiota.82.87455,https://doi.org/10.15468/dl.yjd4cg,Primary
10.3897_zookeys.500.9360,AJ583453,Secondary
10.3897_zookeys.500.9360,AJ388600,Secondary
10.3897_zookeys.500.9360,AJ388624,Secondary
10.3897_zookeys.500.9360,KP729410,Secondary
10.3897_zookeys.500.9360,KP729407,Secondary
10.3897_zookeys.500.9360,AJ275231,Secondary
10.3897_zookeys.500.9360,KP729409,Secondary
10.3897_zookeys.500.9360,FM955143,Secondary
10.3897_zookeys.500.9360,KP729406,Secondary
10.3897_zookeys.500.9360,AJ275229,Secondary
10.3897_zookeys.500.9360,KP729411,Secondary
10.3897_zookeys.500.9360,AJ388630,Secondary
10.3897_zookeys.500.9360,AJ275064,Secondary
10.3897_zookeys.500.9360,AJ583450,Secondary
10.3897_zookeys.500.9360,JN005780,Secondary
10.3897_zookeys.500.9360,AJ275232,Secondary
10.3897_zookeys.500.9360,KC786018,Secondary
10.3897_zookeys.500.9360,JX477434,Secondary
10.3897_zookeys.500.9360,AJ388603,Secondary
10.3897_zookeys.500.9360,AJ388605,Secondary
10.3897_zookeys.500.9360,AY548162,Secondary
10.3897_zookeys.500.9360,JX477443,Secondary
10.3897_zookeys.500.9360,AF286935,Secondary
10.3897_zookeys.500.9360,KP729412,Secondary
10.3897_zookeys.500.9360,AJ388631,Secondary
10.3897_zookeys.500.9360,AJ388619,Secondary
10.3897_zookeys.500.9360,AJ388612,Secondary
10.3897_zookeys.500.9360,AJ275227,Secondary
10.3897_zookeys.500.9360,KP729404,Secondary
10.3897_zookeys.500.9360,KP729399,Secondary
10.3897_zookeys.500.9360,AJ583452,Secondary
10.3897_zookeys.500.9360,AJ583455,Secondary
10.3897_zookeys.500.9360,AJ583454,Secondary
10.3897_zookeys.500.9360,KC786020,Secondary
10.3897_zookeys.500.9360,KP729414,Secondary
10.3897_zookeys.500.9360,KP729408,Secondary
10.3897_zookeys.500.9360,KP729405,Secondary
10.3897_zookeys.500.9360,AY307117,Secondary
10.3897_zookeys.500.9360,AY548165,Secondary
10.3897_zookeys.500.9360,FM956086,Secondary
10.3897_zookeys.500.9360,AJ388596,Secondary
10.3897_zookeys.500.9360,AJ238832,Secondary
10.3897_zookeys.500.9360,AJ388628,Secondary
10.3897_zookeys.500.9360,AJ388625,Secondary
10.3897_zookeys.500.9360,AJ388613,Secondary
10.3897_zookeys.500.9360,AJ388611,Secondary
10.3897_zookeys.500.9360,AJ388618,Secondary
10.3897_zookeys.500.9360,AJ388614,Secondary
10.3897_zookeys.500.9360,AJ388608,Secondary
10.3897_zookeys.500.9360,AJ388597,Secondary
10.3897_zookeys.500.9360,AJ388602,Secondary
10.3897_zookeys.500.9360,KP729401,Secondary
10.3897_zookeys.500.9360,KC786022,Secondary
10.3897_zookeys.500.9360,AJ388598,Secondary
10.3897_zookeys.500.9360,KP729416,Secondary
10.3897_zookeys.500.9360,KC786025,Secondary
10.3897_zookeys.500.9360,AJ388632,Secondary
10.3897_zookeys.500.9360,AJ388607,Secondary
10.3897_zookeys.500.9360,KC786021,Secondary
10.3897_zookeys.500.9360,AJ388620,Secondary
10.3897_zookeys.500.9360,AJ388629,Secondary
10.3897_zookeys.500.9360,KP729415,Secondary
10.3897_zookeys.500.9360,AJ388637,Secondary
10.3897_zookeys.500.9360,KP729402,Secondary
10.3897_zookeys.500.9360,KP729397,Secondary
10.3897_zookeys.500.9360,AJ388604,Secondary
10.3897_zookeys.500.9360,AJ238837,Secondary
10.3897_zookeys.500.9360,AJ238835,Secondary
10.3897_zookeys.500.9360,AM931032,Secondary
10.3897_zookeys.500.9360,FM956088,Secondary
10.3897_zookeys.500.9360,AJ388636,Secondary
10.3897_zookeys.500.9360,KP729390,Secondary
10.3897_zookeys.500.9360,KP729392,Secondary
10.3897_zookeys.500.9360,KP729393,Secondary
10.3897_zookeys.500.9360,AJ388622,Secondary
10.3897_zookeys.500.9360,KP729388,Secondary
10.3897_zookeys.500.9360,AJ388626,Secondary
10.3897_zookeys.500.9360,AJ388609,Secondary
10.3897_zookeys.500.9360,KP729394,Secondary
10.3897_zookeys.500.9360,AJ388610,Secondary
10.3897_zookeys.500.9360,AJ388594,Secondary
10.3897_zookeys.500.9360,FM956089,Secondary
10.3897_zookeys.500.9360,KP729395,Secondary
10.3897_zookeys.500.9360,AJ388606,Secondary
10.3897_zookeys.500.9360,AJ388638,Secondary
10.3897_zookeys.500.9360,KP729391,Secondary
10.3897_zookeys.500.9360,KP729396,Secondary
10.3897_zookeys.500.9360,JN005778,Secondary
10.3897_zookeys.500.9360,AJ388635,Secondary
10.3897_zookeys.500.9360,FM956085,Secondary
10.3897_zookeys.500.9360,AJ388623,Secondary
10.3897_zookeys.500.9360,AJ275063,Secondary
10.3897_zookeys.500.9360,KP729389,Secondary
10.3897_zookeys.500.9360,JX477447,Secondary
10.3897_zookeys.500.9360,KP729398,Secondary
10.3897_zookeys.500.9360,AJ388593,Secondary
10.3897_zookeys.500.9360,AJ388627,Secondary
10.3897_zookeys.500.9360,AJ388617,Secondary
10.3897_zookeys.500.9360,AM931033,Secondary
10.3897_zookeys.500.9360,KC786016,Secondary
10.3897_zookeys.500.9360,KP729403,Secondary
10.3897_zookeys.500.9360,AJ388592,Secondary
10.3897_zookeys.500.9360,KP729413,Secondary
10.3897_zookeys.500.9360,KP729417,Secondary
10.3897_zookeys.500.9360,AJ388634,Secondary
10.3897_zookeys.500.9360,FM956082,Secondary
10.3897_zookeys.500.9360,AJ275065,Secondary
10.3897_zookeys.500.9360,KP729400,Secondary
10.3897_zookeys.500.9360,JX477453,Secondary
10.3897_zookeys.500.9360,AJ388621,Secondary
10.3897_zookeys.500.9360,AF286953,Secondary
10.3897_zookeys.500.9360,AF286960,Secondary
10.3897_zookeys.500.9360,AJ388591,Secondary
10.3897_zookeys.500.9360,https://doi.org/10.5061/dryad.dv44b,Primary
10.5194_acp-2021-570,https://doi.org/10.22033/esgf/cmip6.10843,Secondary
10.5194_acp-2021-570,https://doi.org/10.22033/esgf/cmip6.1621,Secondary
10.5194_acp-22-2769-2022,https://doi.org/10.5067/suborbital/oracles/p3/2018_v2,Secondary
10.5194_acp-22-2769-2022,https://doi.org/10.5067/suborbital/oracles/p3/2017_v2,Secondary
10.5194_acp-22-2769-2022,https://doi.org/10.5067/suborbital/oracles/p3/2016_v2,Secondary
10.5194_acp-22-5701-2022,https://doi.org/10.6096/aeroclo.1754,Secondary
10.5194_acp-22-5701-2022,https://doi.org/10.6096/aeroclo.1774,Secondary
10.5194_acp-22-5701-2022,https://doi.org/10.6096/aeroclo.1777,Secondary
10.5194_acp-22-5701-2022,https://doi.org/10.1029/2004jd005044,Secondary
10.5194_acp-22-5701-2022,https://doi.org/10.24381/cds.adbb2d47,Secondary
10.5194_amt-15-3969-2022,https://doi.org/10.5281/zenodo.5501399,Primary
10.5194_amt-15-3969-2022,https://doi.org/10.24381/cds.bd0915c6,Secondary
10.5194_amt-15-3969-2022,https://doi.org/10.5067/modis/myd06_l2.006,Secondary
10.5194_essd-12-1287-2020,https://doi.org/10.17882/59867,Primary
10.5194_essd-12-1287-2020,https://doi.org/10.17882/70340,Primary
10.5194_essd-12-1287-2020,https://doi.org/10.5194/essd-2019-136,Primary
10.5194_essd-12-1287-2020,https://doi.org/10.17882/6235,Secondary
10.5194_essd-2019-206,https://doi.org/10.18434/m32126,Primary
10.5194_essd-2023-187,https://doi.org/10.17882/94052,Primary
10.5194_essd-2023-187,https://doi.org/10.17882/94040,Primary
10.5194_essd-2023-187,https://doi.org/10.17882/53389,Secondary
10.5194_essd-2023-187,https://doi.org/10.17882/55741,Secondary
10.5194_essd-2023-198,https://doi.org/10.17882/94147,Primary
10.5194_essd-2023-198,https://doi.org/10.17882/94032,Primary
10.5194_essd-2023-198,https://doi.org/10.17882/94031,Primary
10.5194_essd-2023-198,https://doi.org/10.17882/94146,Primary
10.5194_essd-2023-198,https://doi.org/10.17600/18000582,Secondary
10.5194_essd-2023-198,https://doi.org/10.17600/18001644,Secondary
10.5194_essd-2023-198,https://doi.org/10.17600/13100050,Secondary
10.5194_essd-8-663-2016,https://doi.org/10.1594/pangaea.845258,Primary
10.5194_gmd-12-4221-2019,https://doi.org/10.6075/j0k35s05,Primary
10.5194_gmd-13-335-2020,https://doi.org/10.6073/pasta/fed17d67583eda16c439216ca40b0669,Secondary
10.5194_se-13-1541-2022,https://doi.org/10.1594/pangaea.938422,Primary
10.5194_se-13-1541-2022,https://doi.org/10.5067/gpm/imergdf/day/06,Secondary
10.5194_tc-17-3617-2023,https://doi.org/10.5281/zenodo.5109574,Secondary
10.5194_tc-17-3617-2023,https://doi.org/10.5067/modis/mod10a1f.061,Secondary
10.5194_tc-17-3617-2023,https://doi.org/10.24381/cds.adbb2d47,Secondary
10.5194_tc-17-3617-2023,https://doi.org/10.24381/cds.6a6d1bc3,Secondary
10.5194_tc-17-3617-2023,https://doi.org/10.24381/cds.e2161bac,Secondary
10.5194_tc-17-3617-2023,https://doi.org/10.24381/cds.32b04ec5,Secondary
10.5937_bnhmb1811227u,https://doi.org/10.15468/dl.ize4xx,Primary
10.5937_bnhmb1811227u,https://doi.org/10.15468/dl.i71k4s,Primary
10.7554_eLife.63194,GCA_904009505.1,Secondary
10.7554_eLife.63194,GCA_904047305.1,Secondary
10.7554_eLife.63194,GCA_904047245.1,Secondary
10.7554_eLife.63194,GCA_904047255.1,Secondary
10.7554_eLife.63194,GCA_904047275.1,Secondary
10.7554_eLife.63194,GCA_904047325.1,Secondary
10.7554_eLife.63194,GCA_904053135.1,Secondary
10.7554_eLife.63194,GCA_904053145.1,Secondary
10.7554_eLife.63194,GCA_904053495.1,Secondary
10.7554_eLife.63194,GCA_903995865.1,Secondary
10.7554_eLife.63194,GCA_904047315.1,Secondary
10.7554_eLife.63194,GCA_903995855.1,Secondary
10.7554_eLife.63194,GCA_903995845.1,Secondary
10.7554_eLife.63194,GCA_903995885.1,Secondary
10.7554_eLife.63194,GCA_903995825.1,Secondary
10.7554_eLife.63194,GCA_904053095.1,Secondary
10.7554_eLife.63194,GCA_904053125.1,Secondary
10.7554_eLife.63194,GCA_904053085.1,Secondary
10.7554_eLife.63194,GCA_904053105.1,Secondary
10.7554_eLife.63194,GCA_903995835.1,Secondary
10.7554_eLife.63194,GCA_903995795.1,Secondary
10.7554_eLife.63194,GCA_903995805.1,Secondary
10.7554_eLife.63194,GCA_903995815.1,Secondary
10.7554_eLife.63194,GCA_903995875.1,Secondary
10.7554_eLife.63194,GCA_904053155.1,Secondary
10.7554_eLife.63194,GCA_904053505.1,Secondary
10.7554_eLife.63194,GCA_904053115.1,Secondary
10.7554_eLife.63194,GCA_904054495.1,Secondary
10.7554_eLife.63194,GCA_000513175.1,Secondary
10.7554_eLife.63194,GCA_900239685.1,Secondary
10.7554_eLife.63194,GCA_900240375.1,Secondary
10.7554_eLife.63194,GCA_900239745.1,Secondary
10.7554_eLife.63194,PF00078,Secondary
10.7554_eLife.63194,PF05183,Secondary
10.7554_eLife.63194,PF03368,Secondary
10.7554_eLife.63194,PF02171,Secondary
10.7554_eLife.63194,PF02170,Secondary
10.7554_eLife.63194,UP000006548,Secondary
10.7554_eLife.63194,UP000002485,Secondary
10.7554_eLife.63194,UP000001805,Secondary
10.7554_eLife.63194,UP000001194,Secondary
10.7554_eLife.63194,UP000000803,Secondary
10.7554_eLife.63194,UP000015101,Secondary
10.7554_eLife.63194,UP000276133,Secondary
10.7554_eLife.63194,UP000001554,Secondary
10.7554_eLife.63194,UP000030746,Secondary
10.7554_eLife.63194,UP000001940,Secondary
10.7554_eLife.63194,UP000005640,Secondary
10.7554_eLife.63194,UP000002195,Secondary
10.7554_eLife.63194,UP000192578,Secondary
10.7554_eLife.63194,UP000054474,Secondary
10.7554_eLife.63194,UP000007015,Secondary
10.7554_eLife.63194,PF00680,Secondary
10.7554_eLife.63194,PF00978,Secondary
10.7554_eLife.63194,PF00998,Secondary
10.7554_eLife.63194,PF02123,Secondary
10.7554_eLife.63194,PRJEB39843,Primary
10.7554_eLife.72626,MODEL2106070001,Secondary
10.7554_eLife.72626,https://doi.org/10.6019/chembl.database.23,Secondary
10.7554_eLife.72626,CHEMBL3733336,Secondary
10.7554_eLife.72626,CHEMBL3347550,Secondary
10.7554_eLife.72626,CHEMBL3347551,Secondary
10.7554_elife.29944,PRJNA384940,Primary
10.7554_elife.29944,MF134655,Primary
10.7554_elife.29944,MF134663,Primary
10.7554_elife.29944,JX312727,Primary
10.7554_elife.29944,KT168317,Primary
10.7554_elife.29944,KT168318,Primary
10.7554_elife.29944,KT168319,Primary
10.7554_elife.29944,KT168320,Primary
10.7554_elife.29944,KT168321,Primary
10.7554_elife.29944,KT168322,Primary
10.7554_elife.29944,KT168323,Primary
10.7554_elife.29944,KT168325,Primary
10.7554_elife.29944,KT168324,Primary
10.7554_elife.29944,KT168326,Primary
10.7554_elife.29944,KT168327,Primary
10.7554_elife.29944,KT168328,Primary
10.7554_elife.29944,KT168329,Primary
10.7554_elife.29944,KT168330,Primary
10.7554_elife.29944,KT168331,Primary
10.7554_elife.29944,KT168332,Primary
10.7554_elife.29944,KT168333,Primary
10.7554_elife.29944,KT168334,Primary
10.7554_elife.29944,KT168335,Primary
10.7554_elife.29944,KT168336,Primary
10.7554_elife.29944,MF134655,Primary
10.7554_elife.29944,MF134656,Primary
10.7554_elife.29944,MF134657,Primary
10.7554_elife.29944,MF134658,Primary
10.7554_elife.29944,MF134659,Primary
10.7554_elife.29944,MF134660,Primary
10.7554_elife.29944,MF134661,Primary
10.7554_elife.29944,MF134662,Primary
10.7554_elife.29944,AJ428947,Secondary
10.7554_elife.29944,NC023838,Secondary
10.7554_elife.29944,NC012681,Secondary
10.7554_elife.29944,NC012684,Secondary
10.7554_elife.29944,NC001779,Secondary
10.7554_elife.29944,NC012683,Secondary
10.7554_elife.29944,NC001808,Secondary
10.7554_elife.29944,NC012682,Secondary
10.7554_elife.29944,NC_001808,Secondary
10.7554_elife.29944,NC_023838,Secondary
10.7554_elife.29944,NC_002008,Secondary
10.7554_elife.29944,NC_018783,Secondary
10.7554_elife.29944,NC_001640,Secondary
10.7554_elife.29944,GCA_000002305.1,Secondary
10.7554_elife.29944,https://doi.org/10.5061/dryad.8153g,Primary
10.7554_elife.42722,https://doi.org/10.5061/dryad.d0779mb,Primary
10.7554_elife.62329,https://doi.org/10.5061/dryad.12jm63xwd,Primary
10.7554_elife.73695,https://doi.org/10.5061/dryad.p5hqbzkqf,Primary
10.7554_elife.73695,https://doi.org/10.5061/dryad.6h5b7,Primary
10.7717_peerj.10452,PRJNA664798,Primary
10.7717_peerj.10452,SAMN16233641,Primary
10.7717_peerj.10452,SAMN16233642,Primary
10.7717_peerj.10452,SAMN16233643,Primary
10.7717_peerj.10452,SAMN16233644,Primary
10.7717_peerj.10452,SAMN16233645,Primary
10.7717_peerj.10452,SAMN16233650,Primary
10.7717_peerj.10452,SAMN16233655,Primary
10.7717_peerj.10452,SAMN16233660,Primary
10.7717_peerj.10452,SAMN16233646,Primary
10.7717_peerj.10452,SAMN16233651,Primary
10.7717_peerj.10452,SAMN16233656,Primary
10.7717_peerj.10452,SAMN16233661,Primary
10.7717_peerj.10452,SAMN16233647,Primary
10.7717_peerj.10452,SAMN16233652,Primary
10.7717_peerj.10452,SAMN16233657,Primary
10.7717_peerj.10452,SAMN16233662,Primary
10.7717_peerj.10452,SAMN16233648,Primary
10.7717_peerj.10452,SAMN16233653,Primary
10.7717_peerj.10452,SAMN16233658,Primary
10.7717_peerj.10452,SAMN16233663,Primary
10.7717_peerj.10452,SAMN16233649,Primary
10.7717_peerj.10452,SAMN16233654,Primary
10.7717_peerj.10452,SAMN16233659,Primary
10.7717_peerj.10452,SAMN16233664,Primary
10.7717_peerj.10452,https://doi.org/10.6084/m9.figshare.12764129.v1,Primary
10.7717_peerj.10452,https://doi.org/10.6084/m9.figshare.12764126.v1,Primary
10.7717_peerj.10452,https://doi.org/10.6084/m9.figshare.12764123.v1,Primary
10.7717_peerj.10452,https://doi.org/10.6084/m9.figshare.12764120.v1,Primary
10.7717_peerj.10452,https://doi.org/10.6084/m9.figshare.12764117.v1,Primary
10.7717_peerj.10452,https://doi.org/10.6084/m9.figshare.12764105.v1,Primary
10.7717_peerj.10452,https://doi.org/10.6084/m9.figshare.12764141.v1,Primary
10.7717_peerj.10452,https://doi.org/10.6084/m9.figshare.12764081.v1,Primary
10.7717_peerj.10452,https://doi.org/10.6084/m9.figshare.12764078.v1,Primary
10.7717_peerj.10452,https://doi.org/10.6084/m9.figshare.12764075.v1,Primary
10.7717_peerj.10452,https://doi.org/10.6084/m9.figshare.12764069.v1,Primary
10.7717_peerj.10452,https://doi.org/10.6084/m9.figshare.12764072.v1,Primary
10.7717_peerj.10452,https://doi.org/10.6084/m9.figshare.12764057.v1,Primary
10.7717_peerj.10452,https://doi.org/10.6084/m9.figshare.12764054.v1,Primary
10.7717_peerj.10452,https://doi.org/10.6084/m9.figshare.12764048.v1,Primary
10.7717_peerj.10452,https://doi.org/10.6084/m9.figshare.12764042.v1,Primary
10.7717_peerj.10452,https://doi.org/10.6084/m9.figshare.12764036.v1,Primary
10.7717_peerj.10452,https://doi.org/10.6084/m9.figshare.12764030.v1,Primary
10.7717_peerj.10452,https://doi.org/10.6084/m9.figshare.12764018.v1,Primary
10.7717_peerj.10452,https://doi.org/10.6084/m9.figshare.12764012.v1,Primary
10.7717_peerj.10452,https://doi.org/10.6084/m9.figshare.12763997.v1,Primary
10.7717_peerj.11352,https://doi.org/10.7291/d11m38,Primary
10.7717_peerj.12422,https://doi.org/10.15468/dl.p4r693,Primary
10.7717_peerj.12422,https://doi.org/10.15468/dl.72ddmz,Primary
10.7717_peerj.12422,https://doi.org/10.15468/dl.k6jv69,Primary
10.7717_peerj.12422,https://doi.org/10.15468/dl.czyyq2,Primary
10.7717_peerj.12422,https://doi.org/10.15468/dl.j4fe7k,Primary
10.7717_peerj.12422,https://doi.org/10.15468/dl.yak5vd,Primary
10.7717_peerj.12422,https://doi.org/10.15468/dl.82wsgb,Primary
10.7717_peerj.12422,https://doi.org/10.15468/dl.t3h8b4,Primary
10.7717_peerj.12422,https://doi.org/10.15468/dl.wgtneb,Primary
10.7717_peerj.12422,https://doi.org/10.15468/dl.wp98ts,Primary
10.7717_peerj.13193,https://doi.org/10.6073/pasta/b23deb8e1ccf1c1413382bf911c6be19,Primary
10.7717_peerj.13193,https://doi.org/10.6073/pasta/275ad28a2f31356cf9c2648531a16a2b,Secondary
10.7717_peerj.13193,https://doi.org/10.6073/pasta/02e2764efb408a8b66b7f486eac14dc0,Secondary
